,Status,MARCField,MARCFieldLabel,CharacterPosition,CharacterPositionLabel,CodeValue,CodeValueLabel,MARCTagCondition1,Condition1Values,MARCTagCondition2,Condition2Values,RDA Registry URI,RDA Registry Label,Recording Method,Justification for Mapping,Transformation Notes,Problems with Mapping,Notes (Uncategorized)
0,,6,FIXED-LENGTH DATA ELEMENTS--ADDITIONAL MATERIAL CHARACTERISTICS--GENERAL INFORMATION (R),,,,,,,,,http://rdaregistry.info/Elements/w/P10368,has frequency,,,,Attention: MARCField/MARCInd2Value combination does not exist,
1,,6,FIXED-LENGTH DATA ELEMENTS--ADDITIONAL MATERIAL CHARACTERISTICS--GENERAL INFORMATION (R),,,,,,,,,http://rdaregistry.info/Elements/m/P30305,has intended audience of manifestation,,,,Attention: MARCField/MARCInd2Value combination does not exist,
2,,6,FIXED-LENGTH DATA ELEMENTS--ADDITIONAL MATERIAL CHARACTERISTICS--GENERAL INFORMATION (R),,,,,,,,,http://rdaregistry.info/Elements/e/P20219,has duration,,,,Attention: MARCField/MARCInd2Value combination does not exist ;,
3,,6,FIXED-LENGTH DATA ELEMENTS--ADDITIONAL MATERIAL CHARACTERISTICS--GENERAL INFORMATION (R),,,,,,,,,http://rdaregistry.info/Elements/e/P20318,has relief representation,,,,Attention: MARCField/MARCInd2Value combination does not exist ;,
4,,6,FIXED-LENGTH DATA ELEMENTS--ADDITIONAL MATERIAL CHARACTERISTICS--GENERAL INFORMATION (R),00,Form of material,a,Language material,,,,,http://rdaregistry.info/Elements/w/P10368,has frequency,,,,,
5,,6,FIXED-LENGTH DATA ELEMENTS--ADDITIONAL MATERIAL CHARACTERISTICS--GENERAL INFORMATION (R),00,Form of material,a,Language material,,,,,http://rdaregistry.info/Elements/m/P30305,has intended audience of manifestation,,,,,
6,,6,FIXED-LENGTH DATA ELEMENTS--ADDITIONAL MATERIAL CHARACTERISTICS--GENERAL INFORMATION (R),00,Form of material,c,Notated music,,,,,http://rdaregistry.info/Elements/w/P10368,has frequency,,,,,
7,,6,FIXED-LENGTH DATA ELEMENTS--ADDITIONAL MATERIAL CHARACTERISTICS--GENERAL INFORMATION (R),00,Form of material,c,Notated music,,,,,http://rdaregistry.info/Elements/m/P30305,has intended audience of manifestation,,,,,
8,,6,FIXED-LENGTH DATA ELEMENTS--ADDITIONAL MATERIAL CHARACTERISTICS--GENERAL INFORMATION (R),00,Form of material,d,Manuscript notated music,,,,,http://rdaregistry.info/Elements/w/P10368,has frequency,,,,,
9,,6,FIXED-LENGTH DATA ELEMENTS--ADDITIONAL MATERIAL CHARACTERISTICS--GENERAL INFORMATION (R),00,Form of material,d,Manuscript notated music,,,,,http://rdaregistry.info/Elements/m/P30305,has intended audience of manifestation,,,,,
10,,6,FIXED-LENGTH DATA ELEMENTS--ADDITIONAL MATERIAL CHARACTERISTICS--GENERAL INFORMATION (R),00,Form of material,e,Cartographic material,,,,,http://rdaregistry.info/Elements/w/P10368,has frequency,,,,,
11,,6,FIXED-LENGTH DATA ELEMENTS--ADDITIONAL MATERIAL CHARACTERISTICS--GENERAL INFORMATION (R),00,Form of material,e,Cartographic material,,,,,http://rdaregistry.info/Elements/m/P30305,has intended audience of manifestation,,,,,
12,,6,FIXED-LENGTH DATA ELEMENTS--ADDITIONAL MATERIAL CHARACTERISTICS--GENERAL INFORMATION (R),00,Form of material,f,Manuscript cartographic material,,,,,http://rdaregistry.info/Elements/w/P10368,has frequency,,,,,
13,,6,FIXED-LENGTH DATA ELEMENTS--ADDITIONAL MATERIAL CHARACTERISTICS--GENERAL INFORMATION (R),00,Form of material,f,Manuscript cartographic material,,,,,http://rdaregistry.info/Elements/m/P30305,has intended audience of manifestation,,,,,
14,,6,FIXED-LENGTH DATA ELEMENTS--ADDITIONAL MATERIAL CHARACTERISTICS--GENERAL INFORMATION (R),00,Form of material,g,Projected medium,,,,,http://rdaregistry.info/Elements/w/P10368,has frequency,,,,,
15,,6,FIXED-LENGTH DATA ELEMENTS--ADDITIONAL MATERIAL CHARACTERISTICS--GENERAL INFORMATION (R),00,Form of material,g,Projected medium,,,,,http://rdaregistry.info/Elements/m/P30305,has intended audience of manifestation,,,,,
16,,6,FIXED-LENGTH DATA ELEMENTS--ADDITIONAL MATERIAL CHARACTERISTICS--GENERAL INFORMATION (R),00,Form of material,i,Nonmusical sound recording,,,,,http://rdaregistry.info/Elements/w/P10368,has frequency,,,,,
17,,6,FIXED-LENGTH DATA ELEMENTS--ADDITIONAL MATERIAL CHARACTERISTICS--GENERAL INFORMATION (R),00,Form of material,i,Nonmusical sound recording,,,,,http://rdaregistry.info/Elements/m/P30305,has intended audience of manifestation,,,,,
18,,6,FIXED-LENGTH DATA ELEMENTS--ADDITIONAL MATERIAL CHARACTERISTICS--GENERAL INFORMATION (R),00,Form of material,j,Musical sound recording,,,,,http://rdaregistry.info/Elements/w/P10368,has frequency,,,,,
19,,6,FIXED-LENGTH DATA ELEMENTS--ADDITIONAL MATERIAL CHARACTERISTICS--GENERAL INFORMATION (R),00,Form of material,j,Musical sound recording,,,,,http://rdaregistry.info/Elements/m/P30305,has intended audience of manifestation,,,,,
20,,6,FIXED-LENGTH DATA ELEMENTS--ADDITIONAL MATERIAL CHARACTERISTICS--GENERAL INFORMATION (R),00,Form of material,k,Two-dimensional nonprojectable graphic,,,,,http://rdaregistry.info/Elements/w/P10368,has frequency,,,,,
21,,6,FIXED-LENGTH DATA ELEMENTS--ADDITIONAL MATERIAL CHARACTERISTICS--GENERAL INFORMATION (R),00,Form of material,k,Two-dimensional nonprojectable graphic,,,,,http://rdaregistry.info/Elements/m/P30305,has intended audience of manifestation,,,,,
22,,6,FIXED-LENGTH DATA ELEMENTS--ADDITIONAL MATERIAL CHARACTERISTICS--GENERAL INFORMATION (R),00,Form of material,m,Computer file/Electronic resource,,,,,http://rdaregistry.info/Elements/w/P10368,has frequency,,,,,
23,,6,FIXED-LENGTH DATA ELEMENTS--ADDITIONAL MATERIAL CHARACTERISTICS--GENERAL INFORMATION (R),00,Form of material,m,Computer file/Electronic resource,,,,,http://rdaregistry.info/Elements/m/P30305,has intended audience of manifestation,,,,,
24,,6,FIXED-LENGTH DATA ELEMENTS--ADDITIONAL MATERIAL CHARACTERISTICS--GENERAL INFORMATION (R),00,Form of material,o,Kit,,,,,http://rdaregistry.info/Elements/w/P10368,has frequency,,,,,
25,,6,FIXED-LENGTH DATA ELEMENTS--ADDITIONAL MATERIAL CHARACTERISTICS--GENERAL INFORMATION (R),00,Form of material,o,Kit,,,,,http://rdaregistry.info/Elements/m/P30305,has intended audience of manifestation,,,,,
26,,6,FIXED-LENGTH DATA ELEMENTS--ADDITIONAL MATERIAL CHARACTERISTICS--GENERAL INFORMATION (R),00,Form of material,p,Mixed material,,,,,http://rdaregistry.info/Elements/w/P10368,has frequency,,,,,
27,,6,FIXED-LENGTH DATA ELEMENTS--ADDITIONAL MATERIAL CHARACTERISTICS--GENERAL INFORMATION (R),00,Form of material,p,Mixed material,,,,,http://rdaregistry.info/Elements/m/P30305,has intended audience of manifestation,,,,,
28,,6,FIXED-LENGTH DATA ELEMENTS--ADDITIONAL MATERIAL CHARACTERISTICS--GENERAL INFORMATION (R),00,Form of material,r,Three-dimensional artifact or naturally occurring object,,,,,http://rdaregistry.info/Elements/w/P10368,has frequency,,,,,
29,,6,FIXED-LENGTH DATA ELEMENTS--ADDITIONAL MATERIAL CHARACTERISTICS--GENERAL INFORMATION (R),00,Form of material,r,Three-dimensional artifact or naturally occurring object,,,,,http://rdaregistry.info/Elements/m/P30305,has intended audience of manifestation,,,,,
30,,6,FIXED-LENGTH DATA ELEMENTS--ADDITIONAL MATERIAL CHARACTERISTICS--GENERAL INFORMATION (R),00,Form of material,s,Serial/Integrating resource,,,,,http://rdaregistry.info/Elements/w/P10368,has frequency,,,,,
31,,6,FIXED-LENGTH DATA ELEMENTS--ADDITIONAL MATERIAL CHARACTERISTICS--GENERAL INFORMATION (R),00,Form of material,s,Serial/Integrating resource,,,,,http://rdaregistry.info/Elements/m/P30305,has intended audience of manifestation,,,,,
32,,6,FIXED-LENGTH DATA ELEMENTS--ADDITIONAL MATERIAL CHARACTERISTICS--GENERAL INFORMATION (R),00,Form of material,t,Manuscript language material,,,,,http://rdaregistry.info/Elements/w/P10368,has frequency,,,,,
33,,6,FIXED-LENGTH DATA ELEMENTS--ADDITIONAL MATERIAL CHARACTERISTICS--GENERAL INFORMATION (R),00,Form of material,t,Manuscript language material,,,,,http://rdaregistry.info/Elements/m/P30305,has intended audience of manifestation,,,,,
34,,6,FIXED-LENGTH DATA ELEMENTS--ADDITIONAL MATERIAL CHARACTERISTICS--GENERAL INFORMATION (R),01,Frequency,,,006 00,s,,,http://rdaregistry.info/Elements/w/P10368,has frequency,,,,,
35,,6,FIXED-LENGTH DATA ELEMENTS--ADDITIONAL MATERIAL CHARACTERISTICS--GENERAL INFORMATION (R),01,Frequency,,,006 00,s,,,http://rdaregistry.info/Elements/m/P30305,has intended audience of manifestation,,,,,
36,,6,FIXED-LENGTH DATA ELEMENTS--ADDITIONAL MATERIAL CHARACTERISTICS--GENERAL INFORMATION (R),01-02,Form of composition,,,006 00,c,,,http://rdaregistry.info/Elements/w/P10368,has frequency,,,,,
37,,6,FIXED-LENGTH DATA ELEMENTS--ADDITIONAL MATERIAL CHARACTERISTICS--GENERAL INFORMATION (R),01-02,Form of composition,,,006 00,c,,,http://rdaregistry.info/Elements/m/P30305,has intended audience of manifestation,,,,,
38,,6,FIXED-LENGTH DATA ELEMENTS--ADDITIONAL MATERIAL CHARACTERISTICS--GENERAL INFORMATION (R),01-02,Form of composition,,,006 00,d,,,http://rdaregistry.info/Elements/w/P10368,has frequency,,,,,
39,,6,FIXED-LENGTH DATA ELEMENTS--ADDITIONAL MATERIAL CHARACTERISTICS--GENERAL INFORMATION (R),01-02,Form of composition,,,006 00,d,,,http://rdaregistry.info/Elements/m/P30305,has intended audience of manifestation,,,,,
40,,6,FIXED-LENGTH DATA ELEMENTS--ADDITIONAL MATERIAL CHARACTERISTICS--GENERAL INFORMATION (R),01-02,Form of composition,,,006 00,i,,,http://rdaregistry.info/Elements/w/P10368,has frequency,,,,,
41,,6,FIXED-LENGTH DATA ELEMENTS--ADDITIONAL MATERIAL CHARACTERISTICS--GENERAL INFORMATION (R),01-02,Form of composition,,,006 00,i,,,http://rdaregistry.info/Elements/m/P30305,has intended audience of manifestation,,,,,
42,,6,FIXED-LENGTH DATA ELEMENTS--ADDITIONAL MATERIAL CHARACTERISTICS--GENERAL INFORMATION (R),01-02,Form of composition,,,006 00,j,,,http://rdaregistry.info/Elements/w/P10368,has frequency,,,,,
43,,6,FIXED-LENGTH DATA ELEMENTS--ADDITIONAL MATERIAL CHARACTERISTICS--GENERAL INFORMATION (R),01-02,Form of composition,,,006 00,j,,,http://rdaregistry.info/Elements/m/P30305,has intended audience of manifestation,,,,,
44,,6,FIXED-LENGTH DATA ELEMENTS--ADDITIONAL MATERIAL CHARACTERISTICS--GENERAL INFORMATION (R),01-03,Running time,,,006 00,g,,,http://rdaregistry.info/Elements/w/P10368,has frequency,,,,,
45,,6,FIXED-LENGTH DATA ELEMENTS--ADDITIONAL MATERIAL CHARACTERISTICS--GENERAL INFORMATION (R),01-03,Running time,,,006 00,g,,,http://rdaregistry.info/Elements/m/P30305,has intended audience of manifestation,,,,,
46,,6,FIXED-LENGTH DATA ELEMENTS--ADDITIONAL MATERIAL CHARACTERISTICS--GENERAL INFORMATION (R),01-03,Running time,,,006 00,k,,,http://rdaregistry.info/Elements/w/P10368,has frequency,,,,,
47,,6,FIXED-LENGTH DATA ELEMENTS--ADDITIONAL MATERIAL CHARACTERISTICS--GENERAL INFORMATION (R),01-03,Running time,,,006 00,k,,,http://rdaregistry.info/Elements/m/P30305,has intended audience of manifestation,,,,,
48,,6,FIXED-LENGTH DATA ELEMENTS--ADDITIONAL MATERIAL CHARACTERISTICS--GENERAL INFORMATION (R),01-03,Running time,,,006 00,o,,,http://rdaregistry.info/Elements/w/P10368,has frequency,,,,,
49,,6,FIXED-LENGTH DATA ELEMENTS--ADDITIONAL MATERIAL CHARACTERISTICS--GENERAL INFORMATION (R),01-03,Running time,,,006 00,o,,,http://rdaregistry.info/Elements/m/P30305,has intended audience of manifestation,,,,,
50,,6,FIXED-LENGTH DATA ELEMENTS--ADDITIONAL MATERIAL CHARACTERISTICS--GENERAL INFORMATION (R),01-03,Running time,,,006 00,r,,,http://rdaregistry.info/Elements/w/P10368,has frequency,,,,,
51,,6,FIXED-LENGTH DATA ELEMENTS--ADDITIONAL MATERIAL CHARACTERISTICS--GENERAL INFORMATION (R),01-03,Running time,,,006 00,r,,,http://rdaregistry.info/Elements/m/P30305,has intended audience of manifestation,,,,,
52,,6,FIXED-LENGTH DATA ELEMENTS--ADDITIONAL MATERIAL CHARACTERISTICS--GENERAL INFORMATION (R),01-04,Illustrations,,,006 00,a,,,http://rdaregistry.info/Elements/w/P10368,has frequency,,,,,
53,,6,FIXED-LENGTH DATA ELEMENTS--ADDITIONAL MATERIAL CHARACTERISTICS--GENERAL INFORMATION (R),01-04,Illustrations,,,006 00,a,,,http://rdaregistry.info/Elements/m/P30305,has intended audience of manifestation,,,,,
54,,6,FIXED-LENGTH DATA ELEMENTS--ADDITIONAL MATERIAL CHARACTERISTICS--GENERAL INFORMATION (R),01-04,Illustrations,,,006 00,t,,,http://rdaregistry.info/Elements/w/P10368,has frequency,,,,,
55,,6,FIXED-LENGTH DATA ELEMENTS--ADDITIONAL MATERIAL CHARACTERISTICS--GENERAL INFORMATION (R),01-04,Illustrations,,,006 00,t,,,http://rdaregistry.info/Elements/m/P30305,has intended audience of manifestation,,,,,
56,,6,FIXED-LENGTH DATA ELEMENTS--ADDITIONAL MATERIAL CHARACTERISTICS--GENERAL INFORMATION (R),01-04,Undefined,,,006 00,m,,,http://rdaregistry.info/Elements/w/P10368,has frequency,,,,,
57,,6,FIXED-LENGTH DATA ELEMENTS--ADDITIONAL MATERIAL CHARACTERISTICS--GENERAL INFORMATION (R),01-04,Undefined,,,006 00,m,,,http://rdaregistry.info/Elements/m/P30305,has intended audience of manifestation,,,,,
58,,6,FIXED-LENGTH DATA ELEMENTS--ADDITIONAL MATERIAL CHARACTERISTICS--GENERAL INFORMATION (R),01-04,Relief,,,006 00,e,,,http://rdaregistry.info/Elements/w/P10368,has frequency,,,,,
59,,6,FIXED-LENGTH DATA ELEMENTS--ADDITIONAL MATERIAL CHARACTERISTICS--GENERAL INFORMATION (R),01-04,Relief,,,006 00,e,,,http://rdaregistry.info/Elements/m/P30305,has intended audience of manifestation,,,,,
60,,6,FIXED-LENGTH DATA ELEMENTS--ADDITIONAL MATERIAL CHARACTERISTICS--GENERAL INFORMATION (R),01-04,Relief,,,006 00,f,,,http://rdaregistry.info/Elements/w/P10368,has frequency,,,,,
61,,6,FIXED-LENGTH DATA ELEMENTS--ADDITIONAL MATERIAL CHARACTERISTICS--GENERAL INFORMATION (R),01-04,Relief,,,006 00,f,,,http://rdaregistry.info/Elements/m/P30305,has intended audience of manifestation,,,,,
62,,6,FIXED-LENGTH DATA ELEMENTS--ADDITIONAL MATERIAL CHARACTERISTICS--GENERAL INFORMATION (R),01-05,Undefined,,,006 00,p,,,http://rdaregistry.info/Elements/w/P10368,has frequency,,,,,
63,,6,FIXED-LENGTH DATA ELEMENTS--ADDITIONAL MATERIAL CHARACTERISTICS--GENERAL INFORMATION (R),01-05,Undefined,,,006 00,p,,,http://rdaregistry.info/Elements/m/P30305,has intended audience of manifestation,,,,,
64,,6,FIXED-LENGTH DATA ELEMENTS--ADDITIONAL MATERIAL CHARACTERISTICS--GENERAL INFORMATION (R),02,Regularity,,,006 00,s,,,http://rdaregistry.info/Elements/w/P10368,has frequency,,,,,
65,,6,FIXED-LENGTH DATA ELEMENTS--ADDITIONAL MATERIAL CHARACTERISTICS--GENERAL INFORMATION (R),02,Regularity,,,006 00,s,,,http://rdaregistry.info/Elements/m/P30305,has intended audience of manifestation,,,,,
66,,6,FIXED-LENGTH DATA ELEMENTS--ADDITIONAL MATERIAL CHARACTERISTICS--GENERAL INFORMATION (R),03,Format of music,,,006 00,c,,,http://rdaregistry.info/Elements/w/P10368,has frequency,,,,,
67,,6,FIXED-LENGTH DATA ELEMENTS--ADDITIONAL MATERIAL CHARACTERISTICS--GENERAL INFORMATION (R),03,Format of music,,,006 00,c,,,http://rdaregistry.info/Elements/m/P30305,has intended audience of manifestation,,,,,
68,,6,FIXED-LENGTH DATA ELEMENTS--ADDITIONAL MATERIAL CHARACTERISTICS--GENERAL INFORMATION (R),03,Format of music,,,006 00,d,,,http://rdaregistry.info/Elements/w/P10368,has frequency,,,,,
69,,6,FIXED-LENGTH DATA ELEMENTS--ADDITIONAL MATERIAL CHARACTERISTICS--GENERAL INFORMATION (R),03,Format of music,,,006 00,d,,,http://rdaregistry.info/Elements/m/P30305,has intended audience of manifestation,,,,,
70,,6,FIXED-LENGTH DATA ELEMENTS--ADDITIONAL MATERIAL CHARACTERISTICS--GENERAL INFORMATION (R),03,Format of music,,,006 00,i,,,http://rdaregistry.info/Elements/w/P10368,has frequency,,,,,
71,,6,FIXED-LENGTH DATA ELEMENTS--ADDITIONAL MATERIAL CHARACTERISTICS--GENERAL INFORMATION (R),03,Format of music,,,006 00,i,,,http://rdaregistry.info/Elements/m/P30305,has intended audience of manifestation,,,,,
72,,6,FIXED-LENGTH DATA ELEMENTS--ADDITIONAL MATERIAL CHARACTERISTICS--GENERAL INFORMATION (R),03,Format of music,,,006 00,j,,,http://rdaregistry.info/Elements/w/P10368,has frequency,,,,,
73,,6,FIXED-LENGTH DATA ELEMENTS--ADDITIONAL MATERIAL CHARACTERISTICS--GENERAL INFORMATION (R),03,Format of music,,,006 00,j,,,http://rdaregistry.info/Elements/m/P30305,has intended audience of manifestation,,,,,
74,,6,FIXED-LENGTH DATA ELEMENTS--ADDITIONAL MATERIAL CHARACTERISTICS--GENERAL INFORMATION (R),03,ISSN Center [OBSOLETE],,,006 00,s,,,http://rdaregistry.info/Elements/w/P10368,has frequency,,,,,
75,,6,FIXED-LENGTH DATA ELEMENTS--ADDITIONAL MATERIAL CHARACTERISTICS--GENERAL INFORMATION (R),03,ISSN Center [OBSOLETE],,,006 00,s,,,http://rdaregistry.info/Elements/m/P30305,has intended audience of manifestation,,,,,
76,,6,FIXED-LENGTH DATA ELEMENTS--ADDITIONAL MATERIAL CHARACTERISTICS--GENERAL INFORMATION (R),04,Music parts,,,006 00,c,,,http://rdaregistry.info/Elements/w/P10368,has frequency,,,,,
77,,6,FIXED-LENGTH DATA ELEMENTS--ADDITIONAL MATERIAL CHARACTERISTICS--GENERAL INFORMATION (R),04,Music parts,,,006 00,c,,,http://rdaregistry.info/Elements/m/P30305,has intended audience of manifestation,,,,,
78,,6,FIXED-LENGTH DATA ELEMENTS--ADDITIONAL MATERIAL CHARACTERISTICS--GENERAL INFORMATION (R),04,Music parts,,,006 00,d,,,http://rdaregistry.info/Elements/w/P10368,has frequency,,,,,
79,,6,FIXED-LENGTH DATA ELEMENTS--ADDITIONAL MATERIAL CHARACTERISTICS--GENERAL INFORMATION (R),04,Music parts,,,006 00,d,,,http://rdaregistry.info/Elements/m/P30305,has intended audience of manifestation,,,,,
80,,6,FIXED-LENGTH DATA ELEMENTS--ADDITIONAL MATERIAL CHARACTERISTICS--GENERAL INFORMATION (R),04,Music parts,,,006 00,i,,,http://rdaregistry.info/Elements/w/P10368,has frequency,,,,,
81,,6,FIXED-LENGTH DATA ELEMENTS--ADDITIONAL MATERIAL CHARACTERISTICS--GENERAL INFORMATION (R),04,Music parts,,,006 00,i,,,http://rdaregistry.info/Elements/m/P30305,has intended audience of manifestation,,,,,
82,,6,FIXED-LENGTH DATA ELEMENTS--ADDITIONAL MATERIAL CHARACTERISTICS--GENERAL INFORMATION (R),04,Music parts,,,006 00,j,,,http://rdaregistry.info/Elements/w/P10368,has frequency,,,,,
83,,6,FIXED-LENGTH DATA ELEMENTS--ADDITIONAL MATERIAL CHARACTERISTICS--GENERAL INFORMATION (R),04,Music parts,,,006 00,j,,,http://rdaregistry.info/Elements/m/P30305,has intended audience of manifestation,,,,,
84,,6,FIXED-LENGTH DATA ELEMENTS--ADDITIONAL MATERIAL CHARACTERISTICS--GENERAL INFORMATION (R),04,Type of continuing resource,,,006 00,s,,,http://rdaregistry.info/Elements/w/P10368,has frequency,,,,,
85,,6,FIXED-LENGTH DATA ELEMENTS--ADDITIONAL MATERIAL CHARACTERISTICS--GENERAL INFORMATION (R),04,Type of continuing resource,,,006 00,s,,,http://rdaregistry.info/Elements/m/P30305,has intended audience of manifestation,,,,,
86,,6,FIXED-LENGTH DATA ELEMENTS--ADDITIONAL MATERIAL CHARACTERISTICS--GENERAL INFORMATION (R),04,Undefined,,,006 00,g,,,http://rdaregistry.info/Elements/w/P10368,has frequency,,,,,
87,,6,FIXED-LENGTH DATA ELEMENTS--ADDITIONAL MATERIAL CHARACTERISTICS--GENERAL INFORMATION (R),04,Undefined,,,006 00,g,,,http://rdaregistry.info/Elements/m/P30305,has intended audience of manifestation,,,,,
88,,6,FIXED-LENGTH DATA ELEMENTS--ADDITIONAL MATERIAL CHARACTERISTICS--GENERAL INFORMATION (R),04,Undefined,,,006 00,k,,,http://rdaregistry.info/Elements/w/P10368,has frequency,,,,,
89,,6,FIXED-LENGTH DATA ELEMENTS--ADDITIONAL MATERIAL CHARACTERISTICS--GENERAL INFORMATION (R),04,Undefined,,,006 00,k,,,http://rdaregistry.info/Elements/m/P30305,has intended audience of manifestation,,,,,
90,,6,FIXED-LENGTH DATA ELEMENTS--ADDITIONAL MATERIAL CHARACTERISTICS--GENERAL INFORMATION (R),04,Undefined,,,006 00,o,,,http://rdaregistry.info/Elements/w/P10368,has frequency,,,,,
91,,6,FIXED-LENGTH DATA ELEMENTS--ADDITIONAL MATERIAL CHARACTERISTICS--GENERAL INFORMATION (R),04,Undefined,,,006 00,o,,,http://rdaregistry.info/Elements/m/P30305,has intended audience of manifestation,,,,,
92,,6,FIXED-LENGTH DATA ELEMENTS--ADDITIONAL MATERIAL CHARACTERISTICS--GENERAL INFORMATION (R),04,Undefined,,,006 00,r,,,http://rdaregistry.info/Elements/w/P10368,has frequency,,,,,
93,,6,FIXED-LENGTH DATA ELEMENTS--ADDITIONAL MATERIAL CHARACTERISTICS--GENERAL INFORMATION (R),04,Undefined,,,006 00,r,,,http://rdaregistry.info/Elements/m/P30305,has intended audience of manifestation,,,,,
94,,6,FIXED-LENGTH DATA ELEMENTS--ADDITIONAL MATERIAL CHARACTERISTICS--GENERAL INFORMATION (R),05,Target audience,,,006 00,a,,,http://rdaregistry.info/Elements/w/P10368,has frequency,,,,,
95,,6,FIXED-LENGTH DATA ELEMENTS--ADDITIONAL MATERIAL CHARACTERISTICS--GENERAL INFORMATION (R),05,Target audience,,,006 00,a,,,http://rdaregistry.info/Elements/m/P30305,has intended audience of manifestation,,,,,
96,,6,FIXED-LENGTH DATA ELEMENTS--ADDITIONAL MATERIAL CHARACTERISTICS--GENERAL INFORMATION (R),05,Target audience,,,006 00,t,,,http://rdaregistry.info/Elements/w/P10368,has frequency,,,,,
97,,6,FIXED-LENGTH DATA ELEMENTS--ADDITIONAL MATERIAL CHARACTERISTICS--GENERAL INFORMATION (R),05,Target audience,,,006 00,t,,,http://rdaregistry.info/Elements/m/P30305,has intended audience of manifestation,,,,,
98,,6,FIXED-LENGTH DATA ELEMENTS--ADDITIONAL MATERIAL CHARACTERISTICS--GENERAL INFORMATION (R),05,Target audience,,,006 00,m,,,http://rdaregistry.info/Elements/w/P10368,has frequency,,,,,
99,,6,FIXED-LENGTH DATA ELEMENTS--ADDITIONAL MATERIAL CHARACTERISTICS--GENERAL INFORMATION (R),05,Target audience,,,006 00,m,,,http://rdaregistry.info/Elements/m/P30305,has intended audience of manifestation,,,,,
100,,6,FIXED-LENGTH DATA ELEMENTS--ADDITIONAL MATERIAL CHARACTERISTICS--GENERAL INFORMATION (R),05,Target audience,,,006 00,c,,,http://rdaregistry.info/Elements/w/P10368,has frequency,,,,,
101,,6,FIXED-LENGTH DATA ELEMENTS--ADDITIONAL MATERIAL CHARACTERISTICS--GENERAL INFORMATION (R),05,Target audience,,,006 00,c,,,http://rdaregistry.info/Elements/m/P30305,has intended audience of manifestation,,,,,
102,,6,FIXED-LENGTH DATA ELEMENTS--ADDITIONAL MATERIAL CHARACTERISTICS--GENERAL INFORMATION (R),05,Target audience,,,006 00,d,,,http://rdaregistry.info/Elements/w/P10368,has frequency,,,,,
103,,6,FIXED-LENGTH DATA ELEMENTS--ADDITIONAL MATERIAL CHARACTERISTICS--GENERAL INFORMATION (R),05,Target audience,,,006 00,d,,,http://rdaregistry.info/Elements/m/P30305,has intended audience of manifestation,,,,,
104,,6,FIXED-LENGTH DATA ELEMENTS--ADDITIONAL MATERIAL CHARACTERISTICS--GENERAL INFORMATION (R),05,Target audience,,,006 00,i,,,http://rdaregistry.info/Elements/w/P10368,has frequency,,,,,
105,,6,FIXED-LENGTH DATA ELEMENTS--ADDITIONAL MATERIAL CHARACTERISTICS--GENERAL INFORMATION (R),05,Target audience,,,006 00,i,,,http://rdaregistry.info/Elements/m/P30305,has intended audience of manifestation,,,,,
106,,6,FIXED-LENGTH DATA ELEMENTS--ADDITIONAL MATERIAL CHARACTERISTICS--GENERAL INFORMATION (R),05,Target audience,,,006 00,j,,,http://rdaregistry.info/Elements/w/P10368,has frequency,,,,,
107,,6,FIXED-LENGTH DATA ELEMENTS--ADDITIONAL MATERIAL CHARACTERISTICS--GENERAL INFORMATION (R),05,Target audience,,,006 00,j,,,http://rdaregistry.info/Elements/m/P30305,has intended audience of manifestation,,,,,
108,,6,FIXED-LENGTH DATA ELEMENTS--ADDITIONAL MATERIAL CHARACTERISTICS--GENERAL INFORMATION (R),05,Form of original item,,,006 00,s,,,http://rdaregistry.info/Elements/w/P10368,has frequency,,,,,
109,,6,FIXED-LENGTH DATA ELEMENTS--ADDITIONAL MATERIAL CHARACTERISTICS--GENERAL INFORMATION (R),05,Form of original item,,,006 00,s,,,http://rdaregistry.info/Elements/m/P30305,has intended audience of manifestation,,,,,
110,,6,FIXED-LENGTH DATA ELEMENTS--ADDITIONAL MATERIAL CHARACTERISTICS--GENERAL INFORMATION (R),05,Target audience,,,006 00,g,,,http://rdaregistry.info/Elements/w/P10368,has frequency,,,,,
111,,6,FIXED-LENGTH DATA ELEMENTS--ADDITIONAL MATERIAL CHARACTERISTICS--GENERAL INFORMATION (R),05,Target audience,,,006 00,g,,,http://rdaregistry.info/Elements/m/P30305,has intended audience of manifestation,,,,,
112,,6,FIXED-LENGTH DATA ELEMENTS--ADDITIONAL MATERIAL CHARACTERISTICS--GENERAL INFORMATION (R),05,Target audience,,,006 00,k,,,http://rdaregistry.info/Elements/w/P10368,has frequency,,,,,
113,,6,FIXED-LENGTH DATA ELEMENTS--ADDITIONAL MATERIAL CHARACTERISTICS--GENERAL INFORMATION (R),05,Target audience,,,006 00,k,,,http://rdaregistry.info/Elements/m/P30305,has intended audience of manifestation,,,,,
114,,6,FIXED-LENGTH DATA ELEMENTS--ADDITIONAL MATERIAL CHARACTERISTICS--GENERAL INFORMATION (R),05,Target audience,,,006 00,o,,,http://rdaregistry.info/Elements/w/P10368,has frequency,,,,,
115,,6,FIXED-LENGTH DATA ELEMENTS--ADDITIONAL MATERIAL CHARACTERISTICS--GENERAL INFORMATION (R),05,Target audience,,,006 00,o,,,http://rdaregistry.info/Elements/m/P30305,has intended audience of manifestation,,,,,
116,,6,FIXED-LENGTH DATA ELEMENTS--ADDITIONAL MATERIAL CHARACTERISTICS--GENERAL INFORMATION (R),05,Target audience,,,006 00,r,,,http://rdaregistry.info/Elements/w/P10368,has frequency,,,,,
117,,6,FIXED-LENGTH DATA ELEMENTS--ADDITIONAL MATERIAL CHARACTERISTICS--GENERAL INFORMATION (R),05,Target audience,,,006 00,r,,,http://rdaregistry.info/Elements/m/P30305,has intended audience of manifestation,,,,,
118,,6,FIXED-LENGTH DATA ELEMENTS--ADDITIONAL MATERIAL CHARACTERISTICS--GENERAL INFORMATION (R),05-06,Projection,,,006 00,e,,,http://rdaregistry.info/Elements/w/P10368,has frequency,,,,,
119,,6,FIXED-LENGTH DATA ELEMENTS--ADDITIONAL MATERIAL CHARACTERISTICS--GENERAL INFORMATION (R),05-06,Projection,,,006 00,e,,,http://rdaregistry.info/Elements/m/P30305,has intended audience of manifestation,,,,,
120,,6,FIXED-LENGTH DATA ELEMENTS--ADDITIONAL MATERIAL CHARACTERISTICS--GENERAL INFORMATION (R),05-06,Projection,,,006 00,f,,,http://rdaregistry.info/Elements/w/P10368,has frequency,,,,,
121,,6,FIXED-LENGTH DATA ELEMENTS--ADDITIONAL MATERIAL CHARACTERISTICS--GENERAL INFORMATION (R),05-06,Projection,,,006 00,f,,,http://rdaregistry.info/Elements/m/P30305,has intended audience of manifestation,,,,,
122,,6,FIXED-LENGTH DATA ELEMENTS--ADDITIONAL MATERIAL CHARACTERISTICS--GENERAL INFORMATION (R),06,Form of item,,,006 00,a,,,http://rdaregistry.info/Elements/w/P10368,has frequency,,,,,
123,,6,FIXED-LENGTH DATA ELEMENTS--ADDITIONAL MATERIAL CHARACTERISTICS--GENERAL INFORMATION (R),06,Form of item,,,006 00,a,,,http://rdaregistry.info/Elements/m/P30305,has intended audience of manifestation,,,,,
124,,6,FIXED-LENGTH DATA ELEMENTS--ADDITIONAL MATERIAL CHARACTERISTICS--GENERAL INFORMATION (R),06,Form of item,,,006 00,t,,,http://rdaregistry.info/Elements/w/P10368,has frequency,,,,,
125,,6,FIXED-LENGTH DATA ELEMENTS--ADDITIONAL MATERIAL CHARACTERISTICS--GENERAL INFORMATION (R),06,Form of item,,,006 00,t,,,http://rdaregistry.info/Elements/m/P30305,has intended audience of manifestation,,,,,
126,,6,FIXED-LENGTH DATA ELEMENTS--ADDITIONAL MATERIAL CHARACTERISTICS--GENERAL INFORMATION (R),06,Form of item,,,006 00,m,,,http://rdaregistry.info/Elements/w/P10368,has frequency,,,,,
127,,6,FIXED-LENGTH DATA ELEMENTS--ADDITIONAL MATERIAL CHARACTERISTICS--GENERAL INFORMATION (R),06,Form of item,,,006 00,m,,,http://rdaregistry.info/Elements/m/P30305,has intended audience of manifestation,,,,,
128,,6,FIXED-LENGTH DATA ELEMENTS--ADDITIONAL MATERIAL CHARACTERISTICS--GENERAL INFORMATION (R),06,Form of item,,,006 00,p,,,http://rdaregistry.info/Elements/w/P10368,has frequency,,,,,
129,,6,FIXED-LENGTH DATA ELEMENTS--ADDITIONAL MATERIAL CHARACTERISTICS--GENERAL INFORMATION (R),06,Form of item,,,006 00,p,,,http://rdaregistry.info/Elements/m/P30305,has intended audience of manifestation,,,,,
130,,6,FIXED-LENGTH DATA ELEMENTS--ADDITIONAL MATERIAL CHARACTERISTICS--GENERAL INFORMATION (R),06,Form of item,,,006 00,c,,,http://rdaregistry.info/Elements/w/P10368,has frequency,,,,,
131,,6,FIXED-LENGTH DATA ELEMENTS--ADDITIONAL MATERIAL CHARACTERISTICS--GENERAL INFORMATION (R),06,Form of item,,,006 00,c,,,http://rdaregistry.info/Elements/m/P30305,has intended audience of manifestation,,,,,
132,,6,FIXED-LENGTH DATA ELEMENTS--ADDITIONAL MATERIAL CHARACTERISTICS--GENERAL INFORMATION (R),06,Form of item,,,006 00,d,,,http://rdaregistry.info/Elements/w/P10368,has frequency,,,,,
133,,6,FIXED-LENGTH DATA ELEMENTS--ADDITIONAL MATERIAL CHARACTERISTICS--GENERAL INFORMATION (R),06,Form of item,,,006 00,d,,,http://rdaregistry.info/Elements/m/P30305,has intended audience of manifestation,,,,,
134,,6,FIXED-LENGTH DATA ELEMENTS--ADDITIONAL MATERIAL CHARACTERISTICS--GENERAL INFORMATION (R),06,Form of item,,,006 00,i,,,http://rdaregistry.info/Elements/w/P10368,has frequency,,,,,
135,,6,FIXED-LENGTH DATA ELEMENTS--ADDITIONAL MATERIAL CHARACTERISTICS--GENERAL INFORMATION (R),06,Form of item,,,006 00,i,,,http://rdaregistry.info/Elements/m/P30305,has intended audience of manifestation,,,,,
136,,6,FIXED-LENGTH DATA ELEMENTS--ADDITIONAL MATERIAL CHARACTERISTICS--GENERAL INFORMATION (R),06,Form of item,,,006 00,j,,,http://rdaregistry.info/Elements/w/P10368,has frequency,,,,,
137,,6,FIXED-LENGTH DATA ELEMENTS--ADDITIONAL MATERIAL CHARACTERISTICS--GENERAL INFORMATION (R),06,Form of item,,,006 00,j,,,http://rdaregistry.info/Elements/m/P30305,has intended audience of manifestation,,,,,
138,,6,FIXED-LENGTH DATA ELEMENTS--ADDITIONAL MATERIAL CHARACTERISTICS--GENERAL INFORMATION (R),06,Form of item,,,006 00,s,,,http://rdaregistry.info/Elements/w/P10368,has frequency,,,,,
139,,6,FIXED-LENGTH DATA ELEMENTS--ADDITIONAL MATERIAL CHARACTERISTICS--GENERAL INFORMATION (R),06,Form of item,,,006 00,s,,,http://rdaregistry.info/Elements/m/P30305,has intended audience of manifestation,,,,,
140,,6,FIXED-LENGTH DATA ELEMENTS--ADDITIONAL MATERIAL CHARACTERISTICS--GENERAL INFORMATION (R),06-10,Undefined,,,006 00,g,,,http://rdaregistry.info/Elements/w/P10368,has frequency,,,,,
141,,6,FIXED-LENGTH DATA ELEMENTS--ADDITIONAL MATERIAL CHARACTERISTICS--GENERAL INFORMATION (R),06-10,Undefined,,,006 00,g,,,http://rdaregistry.info/Elements/m/P30305,has intended audience of manifestation,,,,,
142,,6,FIXED-LENGTH DATA ELEMENTS--ADDITIONAL MATERIAL CHARACTERISTICS--GENERAL INFORMATION (R),06-10,Accompanying matter [OBSOLETE],,,006 00,g,,,http://rdaregistry.info/Elements/w/P10368,has frequency,,,,,
143,,6,FIXED-LENGTH DATA ELEMENTS--ADDITIONAL MATERIAL CHARACTERISTICS--GENERAL INFORMATION (R),06-10,Accompanying matter [OBSOLETE],,,006 00,g,,,http://rdaregistry.info/Elements/m/P30305,has intended audience of manifestation,,,,,
144,,6,FIXED-LENGTH DATA ELEMENTS--ADDITIONAL MATERIAL CHARACTERISTICS--GENERAL INFORMATION (R),06-10,Undefined,,,006 00,k,,,http://rdaregistry.info/Elements/w/P10368,has frequency,,,,,
145,,6,FIXED-LENGTH DATA ELEMENTS--ADDITIONAL MATERIAL CHARACTERISTICS--GENERAL INFORMATION (R),06-10,Undefined,,,006 00,k,,,http://rdaregistry.info/Elements/m/P30305,has intended audience of manifestation,,,,,
146,,6,FIXED-LENGTH DATA ELEMENTS--ADDITIONAL MATERIAL CHARACTERISTICS--GENERAL INFORMATION (R),06-10,Accompanying matter [OBSOLETE],,,006 00,k,,,http://rdaregistry.info/Elements/w/P10368,has frequency,,,,,
147,,6,FIXED-LENGTH DATA ELEMENTS--ADDITIONAL MATERIAL CHARACTERISTICS--GENERAL INFORMATION (R),06-10,Accompanying matter [OBSOLETE],,,006 00,k,,,http://rdaregistry.info/Elements/m/P30305,has intended audience of manifestation,,,,,
148,,6,FIXED-LENGTH DATA ELEMENTS--ADDITIONAL MATERIAL CHARACTERISTICS--GENERAL INFORMATION (R),06-10,Undefined,,,006 00,o,,,http://rdaregistry.info/Elements/w/P10368,has frequency,,,,,
149,,6,FIXED-LENGTH DATA ELEMENTS--ADDITIONAL MATERIAL CHARACTERISTICS--GENERAL INFORMATION (R),06-10,Undefined,,,006 00,o,,,http://rdaregistry.info/Elements/m/P30305,has intended audience of manifestation,,,,,
150,,6,FIXED-LENGTH DATA ELEMENTS--ADDITIONAL MATERIAL CHARACTERISTICS--GENERAL INFORMATION (R),06-10,Accompanying matter [OBSOLETE],,,006 00,o,,,http://rdaregistry.info/Elements/w/P10368,has frequency,,,,,
151,,6,FIXED-LENGTH DATA ELEMENTS--ADDITIONAL MATERIAL CHARACTERISTICS--GENERAL INFORMATION (R),06-10,Accompanying matter [OBSOLETE],,,006 00,o,,,http://rdaregistry.info/Elements/m/P30305,has intended audience of manifestation,,,,,
152,,6,FIXED-LENGTH DATA ELEMENTS--ADDITIONAL MATERIAL CHARACTERISTICS--GENERAL INFORMATION (R),06-10,Undefined,,,006 00,r,,,http://rdaregistry.info/Elements/w/P10368,has frequency,,,,,
153,,6,FIXED-LENGTH DATA ELEMENTS--ADDITIONAL MATERIAL CHARACTERISTICS--GENERAL INFORMATION (R),06-10,Undefined,,,006 00,r,,,http://rdaregistry.info/Elements/m/P30305,has intended audience of manifestation,,,,,
154,,6,FIXED-LENGTH DATA ELEMENTS--ADDITIONAL MATERIAL CHARACTERISTICS--GENERAL INFORMATION (R),06-10,Accompanying matter [OBSOLETE],,,006 00,r,,,http://rdaregistry.info/Elements/w/P10368,has frequency,,,,,
155,,6,FIXED-LENGTH DATA ELEMENTS--ADDITIONAL MATERIAL CHARACTERISTICS--GENERAL INFORMATION (R),06-10,Accompanying matter [OBSOLETE],,,006 00,r,,,http://rdaregistry.info/Elements/m/P30305,has intended audience of manifestation,,,,,
156,,6,FIXED-LENGTH DATA ELEMENTS--ADDITIONAL MATERIAL CHARACTERISTICS--GENERAL INFORMATION (R),07,Undefined,,,006 00,e,,,http://rdaregistry.info/Elements/w/P10368,has frequency,,,,,
157,,6,FIXED-LENGTH DATA ELEMENTS--ADDITIONAL MATERIAL CHARACTERISTICS--GENERAL INFORMATION (R),07,Undefined,,,006 00,e,,,http://rdaregistry.info/Elements/m/P30305,has intended audience of manifestation,,,,,
158,,6,FIXED-LENGTH DATA ELEMENTS--ADDITIONAL MATERIAL CHARACTERISTICS--GENERAL INFORMATION (R),07,Prime meridian [OBSOLETE],,,006 00,e,,,http://rdaregistry.info/Elements/w/P10368,has frequency,,,,,
159,,6,FIXED-LENGTH DATA ELEMENTS--ADDITIONAL MATERIAL CHARACTERISTICS--GENERAL INFORMATION (R),07,Prime meridian [OBSOLETE],,,006 00,e,,,http://rdaregistry.info/Elements/m/P30305,has intended audience of manifestation,,,,,
160,,6,FIXED-LENGTH DATA ELEMENTS--ADDITIONAL MATERIAL CHARACTERISTICS--GENERAL INFORMATION (R),07,Undefined,,,006 00,f,,,http://rdaregistry.info/Elements/w/P10368,has frequency,,,,,
161,,6,FIXED-LENGTH DATA ELEMENTS--ADDITIONAL MATERIAL CHARACTERISTICS--GENERAL INFORMATION (R),07,Undefined,,,006 00,f,,,http://rdaregistry.info/Elements/m/P30305,has intended audience of manifestation,,,,,
162,,6,FIXED-LENGTH DATA ELEMENTS--ADDITIONAL MATERIAL CHARACTERISTICS--GENERAL INFORMATION (R),07,Prime meridian [OBSOLETE],,,006 00,f,,,http://rdaregistry.info/Elements/w/P10368,has frequency,,,,,
163,,6,FIXED-LENGTH DATA ELEMENTS--ADDITIONAL MATERIAL CHARACTERISTICS--GENERAL INFORMATION (R),07,Prime meridian [OBSOLETE],,,006 00,f,,,http://rdaregistry.info/Elements/m/P30305,has intended audience of manifestation,,,,,
164,,6,FIXED-LENGTH DATA ELEMENTS--ADDITIONAL MATERIAL CHARACTERISTICS--GENERAL INFORMATION (R),07,Nature of entire work,,,006 00,s,,,http://rdaregistry.info/Elements/w/P10368,has frequency,,,,,
165,,6,FIXED-LENGTH DATA ELEMENTS--ADDITIONAL MATERIAL CHARACTERISTICS--GENERAL INFORMATION (R),07,Nature of entire work,,,006 00,s,,,http://rdaregistry.info/Elements/m/P30305,has intended audience of manifestation,,,,,
166,,6,FIXED-LENGTH DATA ELEMENTS--ADDITIONAL MATERIAL CHARACTERISTICS--GENERAL INFORMATION (R),07-08,Undefined,,,006 00,m,,,http://rdaregistry.info/Elements/w/P10368,has frequency,,,,,
167,,6,FIXED-LENGTH DATA ELEMENTS--ADDITIONAL MATERIAL CHARACTERISTICS--GENERAL INFORMATION (R),07-08,Undefined,,,006 00,m,,,http://rdaregistry.info/Elements/m/P30305,has intended audience of manifestation,,,,,
168,,6,FIXED-LENGTH DATA ELEMENTS--ADDITIONAL MATERIAL CHARACTERISTICS--GENERAL INFORMATION (R),07-10,Nature of contents,,,006 00,a,,,http://rdaregistry.info/Elements/w/P10368,has frequency,,,,,
169,,6,FIXED-LENGTH DATA ELEMENTS--ADDITIONAL MATERIAL CHARACTERISTICS--GENERAL INFORMATION (R),07-10,Nature of contents,,,006 00,a,,,http://rdaregistry.info/Elements/m/P30305,has intended audience of manifestation,,,,,
170,,6,FIXED-LENGTH DATA ELEMENTS--ADDITIONAL MATERIAL CHARACTERISTICS--GENERAL INFORMATION (R),07-10,Nature of contents,,,006 00,t,,,http://rdaregistry.info/Elements/w/P10368,has frequency,,,,,
171,,6,FIXED-LENGTH DATA ELEMENTS--ADDITIONAL MATERIAL CHARACTERISTICS--GENERAL INFORMATION (R),07-10,Nature of contents,,,006 00,t,,,http://rdaregistry.info/Elements/m/P30305,has intended audience of manifestation,,,,,
172,,6,FIXED-LENGTH DATA ELEMENTS--ADDITIONAL MATERIAL CHARACTERISTICS--GENERAL INFORMATION (R),07-12,Accompanying matter,,,006 00,c,,,http://rdaregistry.info/Elements/w/P10368,has frequency,,,,,
173,,6,FIXED-LENGTH DATA ELEMENTS--ADDITIONAL MATERIAL CHARACTERISTICS--GENERAL INFORMATION (R),07-12,Accompanying matter,,,006 00,c,,,http://rdaregistry.info/Elements/m/P30305,has intended audience of manifestation,,,,,
174,,6,FIXED-LENGTH DATA ELEMENTS--ADDITIONAL MATERIAL CHARACTERISTICS--GENERAL INFORMATION (R),07-12,Accompanying matter,,,006 00,d,,,http://rdaregistry.info/Elements/w/P10368,has frequency,,,,,
175,,6,FIXED-LENGTH DATA ELEMENTS--ADDITIONAL MATERIAL CHARACTERISTICS--GENERAL INFORMATION (R),07-12,Accompanying matter,,,006 00,d,,,http://rdaregistry.info/Elements/m/P30305,has intended audience of manifestation,,,,,
176,,6,FIXED-LENGTH DATA ELEMENTS--ADDITIONAL MATERIAL CHARACTERISTICS--GENERAL INFORMATION (R),07-12,Accompanying matter,,,006 00,i,,,http://rdaregistry.info/Elements/w/P10368,has frequency,,,,,
177,,6,FIXED-LENGTH DATA ELEMENTS--ADDITIONAL MATERIAL CHARACTERISTICS--GENERAL INFORMATION (R),07-12,Accompanying matter,,,006 00,i,,,http://rdaregistry.info/Elements/m/P30305,has intended audience of manifestation,,,,,
178,,6,FIXED-LENGTH DATA ELEMENTS--ADDITIONAL MATERIAL CHARACTERISTICS--GENERAL INFORMATION (R),07-12,Accompanying matter,,,006 00,j,,,http://rdaregistry.info/Elements/w/P10368,has frequency,,,,,
179,,6,FIXED-LENGTH DATA ELEMENTS--ADDITIONAL MATERIAL CHARACTERISTICS--GENERAL INFORMATION (R),07-12,Accompanying matter,,,006 00,j,,,http://rdaregistry.info/Elements/m/P30305,has intended audience of manifestation,,,,,
180,,6,FIXED-LENGTH DATA ELEMENTS--ADDITIONAL MATERIAL CHARACTERISTICS--GENERAL INFORMATION (R),07-17,Undefined,,,006 00,p,,,http://rdaregistry.info/Elements/w/P10368,has frequency,,,,,
181,,6,FIXED-LENGTH DATA ELEMENTS--ADDITIONAL MATERIAL CHARACTERISTICS--GENERAL INFORMATION (R),07-17,Undefined,,,006 00,p,,,http://rdaregistry.info/Elements/m/P30305,has intended audience of manifestation,,,,,
182,,6,FIXED-LENGTH DATA ELEMENTS--ADDITIONAL MATERIAL CHARACTERISTICS--GENERAL INFORMATION (R),08,Type of cartographic material,,,006 00,e,,,http://rdaregistry.info/Elements/w/P10368,has frequency,,,,,
183,,6,FIXED-LENGTH DATA ELEMENTS--ADDITIONAL MATERIAL CHARACTERISTICS--GENERAL INFORMATION (R),08,Type of cartographic material,,,006 00,e,,,http://rdaregistry.info/Elements/m/P30305,has intended audience of manifestation,,,,,
184,,6,FIXED-LENGTH DATA ELEMENTS--ADDITIONAL MATERIAL CHARACTERISTICS--GENERAL INFORMATION (R),08,Type of cartographic material,,,006 00,f,,,http://rdaregistry.info/Elements/w/P10368,has frequency,,,,,
185,,6,FIXED-LENGTH DATA ELEMENTS--ADDITIONAL MATERIAL CHARACTERISTICS--GENERAL INFORMATION (R),08,Type of cartographic material,,,006 00,f,,,http://rdaregistry.info/Elements/m/P30305,has intended audience of manifestation,,,,,
186,,6,FIXED-LENGTH DATA ELEMENTS--ADDITIONAL MATERIAL CHARACTERISTICS--GENERAL INFORMATION (R),08-10,Nature of contents,,,006 00,s,,,http://rdaregistry.info/Elements/w/P10368,has frequency,,,,,
187,,6,FIXED-LENGTH DATA ELEMENTS--ADDITIONAL MATERIAL CHARACTERISTICS--GENERAL INFORMATION (R),08-10,Nature of contents,,,006 00,s,,,http://rdaregistry.info/Elements/m/P30305,has intended audience of manifestation,,,,,
188,,6,FIXED-LENGTH DATA ELEMENTS--ADDITIONAL MATERIAL CHARACTERISTICS--GENERAL INFORMATION (R),9,Type of computer file,,,006 00,m,,,http://rdaregistry.info/Elements/w/P10368,has frequency,,,,,
189,,6,FIXED-LENGTH DATA ELEMENTS--ADDITIONAL MATERIAL CHARACTERISTICS--GENERAL INFORMATION (R),9,Type of computer file,,,006 00,m,,,http://rdaregistry.info/Elements/m/P30305,has intended audience of manifestation,,,,,
190,,6,FIXED-LENGTH DATA ELEMENTS--ADDITIONAL MATERIAL CHARACTERISTICS--GENERAL INFORMATION (R),09-10,Undefined,,,006 00,e,,,http://rdaregistry.info/Elements/w/P10368,has frequency,,,,,
191,,6,FIXED-LENGTH DATA ELEMENTS--ADDITIONAL MATERIAL CHARACTERISTICS--GENERAL INFORMATION (R),09-10,Undefined,,,006 00,e,,,http://rdaregistry.info/Elements/m/P30305,has intended audience of manifestation,,,,,
192,,6,FIXED-LENGTH DATA ELEMENTS--ADDITIONAL MATERIAL CHARACTERISTICS--GENERAL INFORMATION (R),09-10,Undefined,,,006 00,f,,,http://rdaregistry.info/Elements/w/P10368,has frequency,,,,,
193,,6,FIXED-LENGTH DATA ELEMENTS--ADDITIONAL MATERIAL CHARACTERISTICS--GENERAL INFORMATION (R),09-10,Undefined,,,006 00,f,,,http://rdaregistry.info/Elements/m/P30305,has intended audience of manifestation,,,,,
194,,6,FIXED-LENGTH DATA ELEMENTS--ADDITIONAL MATERIAL CHARACTERISTICS--GENERAL INFORMATION (R),10,Undefined,,,006 00,m,,,http://rdaregistry.info/Elements/w/P10368,has frequency,,,,,
195,,6,FIXED-LENGTH DATA ELEMENTS--ADDITIONAL MATERIAL CHARACTERISTICS--GENERAL INFORMATION (R),10,Undefined,,,006 00,m,,,http://rdaregistry.info/Elements/m/P30305,has intended audience of manifestation,,,,,
196,,6,FIXED-LENGTH DATA ELEMENTS--ADDITIONAL MATERIAL CHARACTERISTICS--GENERAL INFORMATION (R),11,Government publication,,,006 00,a,,,http://rdaregistry.info/Elements/w/P10368,has frequency,,,,,
197,,6,FIXED-LENGTH DATA ELEMENTS--ADDITIONAL MATERIAL CHARACTERISTICS--GENERAL INFORMATION (R),11,Government publication,,,006 00,a,,,http://rdaregistry.info/Elements/m/P30305,has intended audience of manifestation,,,,,
198,,6,FIXED-LENGTH DATA ELEMENTS--ADDITIONAL MATERIAL CHARACTERISTICS--GENERAL INFORMATION (R),11,Government publication,,,006 00,t,,,http://rdaregistry.info/Elements/w/P10368,has frequency,,,,,
199,,6,FIXED-LENGTH DATA ELEMENTS--ADDITIONAL MATERIAL CHARACTERISTICS--GENERAL INFORMATION (R),11,Government publication,,,006 00,t,,,http://rdaregistry.info/Elements/m/P30305,has intended audience of manifestation,,,,,
200,,6,FIXED-LENGTH DATA ELEMENTS--ADDITIONAL MATERIAL CHARACTERISTICS--GENERAL INFORMATION (R),11,Government publication,,,006 00,m,,,http://rdaregistry.info/Elements/w/P10368,has frequency,,,,,
201,,6,FIXED-LENGTH DATA ELEMENTS--ADDITIONAL MATERIAL CHARACTERISTICS--GENERAL INFORMATION (R),11,Government publication,,,006 00,m,,,http://rdaregistry.info/Elements/m/P30305,has intended audience of manifestation,,,,,
202,,6,FIXED-LENGTH DATA ELEMENTS--ADDITIONAL MATERIAL CHARACTERISTICS--GENERAL INFORMATION (R),11,Government publication,,,006 00,e,,,http://rdaregistry.info/Elements/w/P10368,has frequency,,,,,
203,,6,FIXED-LENGTH DATA ELEMENTS--ADDITIONAL MATERIAL CHARACTERISTICS--GENERAL INFORMATION (R),11,Government publication,,,006 00,e,,,http://rdaregistry.info/Elements/m/P30305,has intended audience of manifestation,,,,,
204,,6,FIXED-LENGTH DATA ELEMENTS--ADDITIONAL MATERIAL CHARACTERISTICS--GENERAL INFORMATION (R),11,Government publication,,,006 00,f,,,http://rdaregistry.info/Elements/w/P10368,has frequency,,,,,
205,,6,FIXED-LENGTH DATA ELEMENTS--ADDITIONAL MATERIAL CHARACTERISTICS--GENERAL INFORMATION (R),11,Government publication,,,006 00,f,,,http://rdaregistry.info/Elements/m/P30305,has intended audience of manifestation,,,,,
206,,6,FIXED-LENGTH DATA ELEMENTS--ADDITIONAL MATERIAL CHARACTERISTICS--GENERAL INFORMATION (R),11,Government publication,,,006 00,s,,,http://rdaregistry.info/Elements/w/P10368,has frequency,,,,,
207,,6,FIXED-LENGTH DATA ELEMENTS--ADDITIONAL MATERIAL CHARACTERISTICS--GENERAL INFORMATION (R),11,Government publication,,,006 00,s,,,http://rdaregistry.info/Elements/m/P30305,has intended audience of manifestation,,,,,
208,,6,FIXED-LENGTH DATA ELEMENTS--ADDITIONAL MATERIAL CHARACTERISTICS--GENERAL INFORMATION (R),11,Government publication,,,006 00,g,,,http://rdaregistry.info/Elements/w/P10368,has frequency,,,,,
209,,6,FIXED-LENGTH DATA ELEMENTS--ADDITIONAL MATERIAL CHARACTERISTICS--GENERAL INFORMATION (R),11,Government publication,,,006 00,g,,,http://rdaregistry.info/Elements/m/P30305,has intended audience of manifestation,,,,,
210,,6,FIXED-LENGTH DATA ELEMENTS--ADDITIONAL MATERIAL CHARACTERISTICS--GENERAL INFORMATION (R),11,Government publication,,,006 00,k,,,http://rdaregistry.info/Elements/w/P10368,has frequency,,,,,
211,,6,FIXED-LENGTH DATA ELEMENTS--ADDITIONAL MATERIAL CHARACTERISTICS--GENERAL INFORMATION (R),11,Government publication,,,006 00,k,,,http://rdaregistry.info/Elements/m/P30305,has intended audience of manifestation,,,,,
212,,6,FIXED-LENGTH DATA ELEMENTS--ADDITIONAL MATERIAL CHARACTERISTICS--GENERAL INFORMATION (R),11,Government publication,,,006 00,o,,,http://rdaregistry.info/Elements/w/P10368,has frequency,,,,,
213,,6,FIXED-LENGTH DATA ELEMENTS--ADDITIONAL MATERIAL CHARACTERISTICS--GENERAL INFORMATION (R),11,Government publication,,,006 00,o,,,http://rdaregistry.info/Elements/m/P30305,has intended audience of manifestation,,,,,
214,,6,FIXED-LENGTH DATA ELEMENTS--ADDITIONAL MATERIAL CHARACTERISTICS--GENERAL INFORMATION (R),11,Government publication,,,006 00,r,,,http://rdaregistry.info/Elements/w/P10368,has frequency,,,,,
215,,6,FIXED-LENGTH DATA ELEMENTS--ADDITIONAL MATERIAL CHARACTERISTICS--GENERAL INFORMATION (R),11,Government publication,,,006 00,r,,,http://rdaregistry.info/Elements/m/P30305,has intended audience of manifestation,,,,,
216,,6,FIXED-LENGTH DATA ELEMENTS--ADDITIONAL MATERIAL CHARACTERISTICS--GENERAL INFORMATION (R),12,Conference publication,,,006 00,a,,,http://rdaregistry.info/Elements/w/P10368,has frequency,,,,,
217,,6,FIXED-LENGTH DATA ELEMENTS--ADDITIONAL MATERIAL CHARACTERISTICS--GENERAL INFORMATION (R),12,Conference publication,,,006 00,a,,,http://rdaregistry.info/Elements/m/P30305,has intended audience of manifestation,,,,,
218,,6,FIXED-LENGTH DATA ELEMENTS--ADDITIONAL MATERIAL CHARACTERISTICS--GENERAL INFORMATION (R),12,Conference publication,,,006 00,t,,,http://rdaregistry.info/Elements/w/P10368,has frequency,,,,,
219,,6,FIXED-LENGTH DATA ELEMENTS--ADDITIONAL MATERIAL CHARACTERISTICS--GENERAL INFORMATION (R),12,Conference publication,,,006 00,t,,,http://rdaregistry.info/Elements/m/P30305,has intended audience of manifestation,,,,,
220,,6,FIXED-LENGTH DATA ELEMENTS--ADDITIONAL MATERIAL CHARACTERISTICS--GENERAL INFORMATION (R),12,Form of item,,,006 00,e,,,http://rdaregistry.info/Elements/w/P10368,has frequency,,,,,
221,,6,FIXED-LENGTH DATA ELEMENTS--ADDITIONAL MATERIAL CHARACTERISTICS--GENERAL INFORMATION (R),12,Form of item,,,006 00,e,,,http://rdaregistry.info/Elements/m/P30305,has intended audience of manifestation,,,,,
222,,6,FIXED-LENGTH DATA ELEMENTS--ADDITIONAL MATERIAL CHARACTERISTICS--GENERAL INFORMATION (R),12,Undefined [OBSOLETE],,,006 00,e,,,http://rdaregistry.info/Elements/w/P10368,has frequency,,,,,
223,,6,FIXED-LENGTH DATA ELEMENTS--ADDITIONAL MATERIAL CHARACTERISTICS--GENERAL INFORMATION (R),12,Undefined [OBSOLETE],,,006 00,e,,,http://rdaregistry.info/Elements/m/P30305,has intended audience of manifestation,,,,,
224,,6,FIXED-LENGTH DATA ELEMENTS--ADDITIONAL MATERIAL CHARACTERISTICS--GENERAL INFORMATION (R),12,Form of item,,,006 00,f,,,http://rdaregistry.info/Elements/w/P10368,has frequency,,,,,
225,,6,FIXED-LENGTH DATA ELEMENTS--ADDITIONAL MATERIAL CHARACTERISTICS--GENERAL INFORMATION (R),12,Form of item,,,006 00,f,,,http://rdaregistry.info/Elements/m/P30305,has intended audience of manifestation,,,,,
226,,6,FIXED-LENGTH DATA ELEMENTS--ADDITIONAL MATERIAL CHARACTERISTICS--GENERAL INFORMATION (R),12,Undefined [OBSOLETE],,,006 00,f,,,http://rdaregistry.info/Elements/w/P10368,has frequency,,,,,
227,,6,FIXED-LENGTH DATA ELEMENTS--ADDITIONAL MATERIAL CHARACTERISTICS--GENERAL INFORMATION (R),12,Undefined [OBSOLETE],,,006 00,f,,,http://rdaregistry.info/Elements/m/P30305,has intended audience of manifestation,,,,,
228,,6,FIXED-LENGTH DATA ELEMENTS--ADDITIONAL MATERIAL CHARACTERISTICS--GENERAL INFORMATION (R),12,Conference publication,,,006 00,s,,,http://rdaregistry.info/Elements/w/P10368,has frequency,,,,,
229,,6,FIXED-LENGTH DATA ELEMENTS--ADDITIONAL MATERIAL CHARACTERISTICS--GENERAL INFORMATION (R),12,Conference publication,,,006 00,s,,,http://rdaregistry.info/Elements/m/P30305,has intended audience of manifestation,,,,,
230,,6,FIXED-LENGTH DATA ELEMENTS--ADDITIONAL MATERIAL CHARACTERISTICS--GENERAL INFORMATION (R),12,Form of item,,,006 00,g,,,http://rdaregistry.info/Elements/w/P10368,has frequency,,,,,
231,,6,FIXED-LENGTH DATA ELEMENTS--ADDITIONAL MATERIAL CHARACTERISTICS--GENERAL INFORMATION (R),12,Form of item,,,006 00,g,,,http://rdaregistry.info/Elements/m/P30305,has intended audience of manifestation,,,,,
232,,6,FIXED-LENGTH DATA ELEMENTS--ADDITIONAL MATERIAL CHARACTERISTICS--GENERAL INFORMATION (R),12,Undefined [OBSOLETE],,,006 00,g,,,http://rdaregistry.info/Elements/w/P10368,has frequency,,,,,
233,,6,FIXED-LENGTH DATA ELEMENTS--ADDITIONAL MATERIAL CHARACTERISTICS--GENERAL INFORMATION (R),12,Undefined [OBSOLETE],,,006 00,g,,,http://rdaregistry.info/Elements/m/P30305,has intended audience of manifestation,,,,,
234,,6,FIXED-LENGTH DATA ELEMENTS--ADDITIONAL MATERIAL CHARACTERISTICS--GENERAL INFORMATION (R),12,Form of item,,,006 00,k,,,http://rdaregistry.info/Elements/w/P10368,has frequency,,,,,
235,,6,FIXED-LENGTH DATA ELEMENTS--ADDITIONAL MATERIAL CHARACTERISTICS--GENERAL INFORMATION (R),12,Form of item,,,006 00,k,,,http://rdaregistry.info/Elements/m/P30305,has intended audience of manifestation,,,,,
236,,6,FIXED-LENGTH DATA ELEMENTS--ADDITIONAL MATERIAL CHARACTERISTICS--GENERAL INFORMATION (R),12,Undefined [OBSOLETE],,,006 00,k,,,http://rdaregistry.info/Elements/w/P10368,has frequency,,,,,
237,,6,FIXED-LENGTH DATA ELEMENTS--ADDITIONAL MATERIAL CHARACTERISTICS--GENERAL INFORMATION (R),12,Undefined [OBSOLETE],,,006 00,k,,,http://rdaregistry.info/Elements/m/P30305,has intended audience of manifestation,,,,,
238,,6,FIXED-LENGTH DATA ELEMENTS--ADDITIONAL MATERIAL CHARACTERISTICS--GENERAL INFORMATION (R),12,Form of item,,,006 00,o,,,http://rdaregistry.info/Elements/w/P10368,has frequency,,,,,
239,,6,FIXED-LENGTH DATA ELEMENTS--ADDITIONAL MATERIAL CHARACTERISTICS--GENERAL INFORMATION (R),12,Form of item,,,006 00,o,,,http://rdaregistry.info/Elements/m/P30305,has intended audience of manifestation,,,,,
240,,6,FIXED-LENGTH DATA ELEMENTS--ADDITIONAL MATERIAL CHARACTERISTICS--GENERAL INFORMATION (R),12,Undefined [OBSOLETE],,,006 00,o,,,http://rdaregistry.info/Elements/w/P10368,has frequency,,,,,
241,,6,FIXED-LENGTH DATA ELEMENTS--ADDITIONAL MATERIAL CHARACTERISTICS--GENERAL INFORMATION (R),12,Undefined [OBSOLETE],,,006 00,o,,,http://rdaregistry.info/Elements/m/P30305,has intended audience of manifestation,,,,,
242,,6,FIXED-LENGTH DATA ELEMENTS--ADDITIONAL MATERIAL CHARACTERISTICS--GENERAL INFORMATION (R),12,Form of item,,,006 00,r,,,http://rdaregistry.info/Elements/w/P10368,has frequency,,,,,
243,,6,FIXED-LENGTH DATA ELEMENTS--ADDITIONAL MATERIAL CHARACTERISTICS--GENERAL INFORMATION (R),12,Form of item,,,006 00,r,,,http://rdaregistry.info/Elements/m/P30305,has intended audience of manifestation,,,,,
244,,6,FIXED-LENGTH DATA ELEMENTS--ADDITIONAL MATERIAL CHARACTERISTICS--GENERAL INFORMATION (R),12,Undefined [OBSOLETE],,,006 00,r,,,http://rdaregistry.info/Elements/w/P10368,has frequency,,,,,
245,,6,FIXED-LENGTH DATA ELEMENTS--ADDITIONAL MATERIAL CHARACTERISTICS--GENERAL INFORMATION (R),12,Undefined [OBSOLETE],,,006 00,r,,,http://rdaregistry.info/Elements/m/P30305,has intended audience of manifestation,,,,,
246,,6,FIXED-LENGTH DATA ELEMENTS--ADDITIONAL MATERIAL CHARACTERISTICS--GENERAL INFORMATION (R),12-17,Undefined,,,006 00,m,,,http://rdaregistry.info/Elements/w/P10368,has frequency,,,,,
247,,6,FIXED-LENGTH DATA ELEMENTS--ADDITIONAL MATERIAL CHARACTERISTICS--GENERAL INFORMATION (R),12-17,Undefined,,,006 00,m,,,http://rdaregistry.info/Elements/m/P30305,has intended audience of manifestation,,,,,
248,,6,FIXED-LENGTH DATA ELEMENTS--ADDITIONAL MATERIAL CHARACTERISTICS--GENERAL INFORMATION (R),13,Festschrift,,,006 00,a,,,http://rdaregistry.info/Elements/w/P10368,has frequency,,,,,
249,,6,FIXED-LENGTH DATA ELEMENTS--ADDITIONAL MATERIAL CHARACTERISTICS--GENERAL INFORMATION (R),13,Festschrift,,,006 00,a,,,http://rdaregistry.info/Elements/m/P30305,has intended audience of manifestation,,,,,
250,,6,FIXED-LENGTH DATA ELEMENTS--ADDITIONAL MATERIAL CHARACTERISTICS--GENERAL INFORMATION (R),13,Festschrift,,,006 00,t,,,http://rdaregistry.info/Elements/w/P10368,has frequency,,,,,
251,,6,FIXED-LENGTH DATA ELEMENTS--ADDITIONAL MATERIAL CHARACTERISTICS--GENERAL INFORMATION (R),13,Festschrift,,,006 00,t,,,http://rdaregistry.info/Elements/m/P30305,has intended audience of manifestation,,,,,
252,,6,FIXED-LENGTH DATA ELEMENTS--ADDITIONAL MATERIAL CHARACTERISTICS--GENERAL INFORMATION (R),13,Undefined,,,006 00,e,,,http://rdaregistry.info/Elements/w/P10368,has frequency,,,,,
253,,6,FIXED-LENGTH DATA ELEMENTS--ADDITIONAL MATERIAL CHARACTERISTICS--GENERAL INFORMATION (R),13,Undefined,,,006 00,e,,,http://rdaregistry.info/Elements/m/P30305,has intended audience of manifestation,,,,,
254,,6,FIXED-LENGTH DATA ELEMENTS--ADDITIONAL MATERIAL CHARACTERISTICS--GENERAL INFORMATION (R),13,Undefined,,,006 00,f,,,http://rdaregistry.info/Elements/w/P10368,has frequency,,,,,
255,,6,FIXED-LENGTH DATA ELEMENTS--ADDITIONAL MATERIAL CHARACTERISTICS--GENERAL INFORMATION (R),13,Undefined,,,006 00,f,,,http://rdaregistry.info/Elements/m/P30305,has intended audience of manifestation,,,,,
256,,6,FIXED-LENGTH DATA ELEMENTS--ADDITIONAL MATERIAL CHARACTERISTICS--GENERAL INFORMATION (R),,Literary text for sound recordings,,,006 00,c,,,http://rdaregistry.info/Elements/w/P10368,has frequency,,,,,
257,,6,FIXED-LENGTH DATA ELEMENTS--ADDITIONAL MATERIAL CHARACTERISTICS--GENERAL INFORMATION (R),,Literary text for sound recordings,,,006 00,c,,,http://rdaregistry.info/Elements/m/P30305,has intended audience of manifestation,,,,,
258,,6,FIXED-LENGTH DATA ELEMENTS--ADDITIONAL MATERIAL CHARACTERISTICS--GENERAL INFORMATION (R),,Literary text for sound recordings,,,006 00,d,,,http://rdaregistry.info/Elements/w/P10368,has frequency,,,,,
259,,6,FIXED-LENGTH DATA ELEMENTS--ADDITIONAL MATERIAL CHARACTERISTICS--GENERAL INFORMATION (R),,Literary text for sound recordings,,,006 00,d,,,http://rdaregistry.info/Elements/m/P30305,has intended audience of manifestation,,,,,
260,,6,FIXED-LENGTH DATA ELEMENTS--ADDITIONAL MATERIAL CHARACTERISTICS--GENERAL INFORMATION (R),,Literary text for sound recordings,,,006 00,i,,,http://rdaregistry.info/Elements/w/P10368,has frequency,,,,,
261,,6,FIXED-LENGTH DATA ELEMENTS--ADDITIONAL MATERIAL CHARACTERISTICS--GENERAL INFORMATION (R),,Literary text for sound recordings,,,006 00,i,,,http://rdaregistry.info/Elements/m/P30305,has intended audience of manifestation,,,,,
262,,6,FIXED-LENGTH DATA ELEMENTS--ADDITIONAL MATERIAL CHARACTERISTICS--GENERAL INFORMATION (R),,Literary text for sound recordings,,,006 00,j,,,http://rdaregistry.info/Elements/w/P10368,has frequency,,,,,
263,,6,FIXED-LENGTH DATA ELEMENTS--ADDITIONAL MATERIAL CHARACTERISTICS--GENERAL INFORMATION (R),,Literary text for sound recordings,,,006 00,j,,,http://rdaregistry.info/Elements/m/P30305,has intended audience of manifestation,,,,,
264,,6,FIXED-LENGTH DATA ELEMENTS--ADDITIONAL MATERIAL CHARACTERISTICS--GENERAL INFORMATION (R),,Undefined,,,006 00,s,,,http://rdaregistry.info/Elements/w/P10368,has frequency,,,,,
265,,6,FIXED-LENGTH DATA ELEMENTS--ADDITIONAL MATERIAL CHARACTERISTICS--GENERAL INFORMATION (R),,Undefined,,,006 00,s,,,http://rdaregistry.info/Elements/m/P30305,has intended audience of manifestation,,,,,
266,,6,FIXED-LENGTH DATA ELEMENTS--ADDITIONAL MATERIAL CHARACTERISTICS--GENERAL INFORMATION (R),,Undefined,,,006 00,g,,,http://rdaregistry.info/Elements/w/P10368,has frequency,,,,,
267,,6,FIXED-LENGTH DATA ELEMENTS--ADDITIONAL MATERIAL CHARACTERISTICS--GENERAL INFORMATION (R),,Undefined,,,006 00,g,,,http://rdaregistry.info/Elements/m/P30305,has intended audience of manifestation,,,,,
268,,6,FIXED-LENGTH DATA ELEMENTS--ADDITIONAL MATERIAL CHARACTERISTICS--GENERAL INFORMATION (R),,Undefined,,,006 00,k,,,http://rdaregistry.info/Elements/w/P10368,has frequency,,,,,
269,,6,FIXED-LENGTH DATA ELEMENTS--ADDITIONAL MATERIAL CHARACTERISTICS--GENERAL INFORMATION (R),,Undefined,,,006 00,k,,,http://rdaregistry.info/Elements/m/P30305,has intended audience of manifestation,,,,,
270,,6,FIXED-LENGTH DATA ELEMENTS--ADDITIONAL MATERIAL CHARACTERISTICS--GENERAL INFORMATION (R),,Undefined,,,006 00,o,,,http://rdaregistry.info/Elements/w/P10368,has frequency,,,,,
271,,6,FIXED-LENGTH DATA ELEMENTS--ADDITIONAL MATERIAL CHARACTERISTICS--GENERAL INFORMATION (R),,Undefined,,,006 00,o,,,http://rdaregistry.info/Elements/m/P30305,has intended audience of manifestation,,,,,
272,,6,FIXED-LENGTH DATA ELEMENTS--ADDITIONAL MATERIAL CHARACTERISTICS--GENERAL INFORMATION (R),,Undefined,,,006 00,r,,,http://rdaregistry.info/Elements/w/P10368,has frequency,,,,,
273,,6,FIXED-LENGTH DATA ELEMENTS--ADDITIONAL MATERIAL CHARACTERISTICS--GENERAL INFORMATION (R),,Undefined,,,006 00,r,,,http://rdaregistry.info/Elements/m/P30305,has intended audience of manifestation,,,,,
274,,6,FIXED-LENGTH DATA ELEMENTS--ADDITIONAL MATERIAL CHARACTERISTICS--GENERAL INFORMATION (R),14,Index,,,006 00,a,,,http://rdaregistry.info/Elements/w/P10368,has frequency,,,,,
275,,6,FIXED-LENGTH DATA ELEMENTS--ADDITIONAL MATERIAL CHARACTERISTICS--GENERAL INFORMATION (R),14,Index,,,006 00,a,,,http://rdaregistry.info/Elements/m/P30305,has intended audience of manifestation,,,,,
276,,6,FIXED-LENGTH DATA ELEMENTS--ADDITIONAL MATERIAL CHARACTERISTICS--GENERAL INFORMATION (R),14,Index,,,006 00,t,,,http://rdaregistry.info/Elements/w/P10368,has frequency,,,,,
277,,6,FIXED-LENGTH DATA ELEMENTS--ADDITIONAL MATERIAL CHARACTERISTICS--GENERAL INFORMATION (R),14,Index,,,006 00,t,,,http://rdaregistry.info/Elements/m/P30305,has intended audience of manifestation,,,,,
278,,6,FIXED-LENGTH DATA ELEMENTS--ADDITIONAL MATERIAL CHARACTERISTICS--GENERAL INFORMATION (R),14,Index,,,006 00,e,,,http://rdaregistry.info/Elements/w/P10368,has frequency,,,,,
279,,6,FIXED-LENGTH DATA ELEMENTS--ADDITIONAL MATERIAL CHARACTERISTICS--GENERAL INFORMATION (R),14,Index,,,006 00,e,,,http://rdaregistry.info/Elements/m/P30305,has intended audience of manifestation,,,,,
280,,6,FIXED-LENGTH DATA ELEMENTS--ADDITIONAL MATERIAL CHARACTERISTICS--GENERAL INFORMATION (R),14,Index,,,006 00,f,,,http://rdaregistry.info/Elements/w/P10368,has frequency,,,,,
281,,6,FIXED-LENGTH DATA ELEMENTS--ADDITIONAL MATERIAL CHARACTERISTICS--GENERAL INFORMATION (R),14,Index,,,006 00,f,,,http://rdaregistry.info/Elements/m/P30305,has intended audience of manifestation,,,,,
282,,6,FIXED-LENGTH DATA ELEMENTS--ADDITIONAL MATERIAL CHARACTERISTICS--GENERAL INFORMATION (R),15,Undefined,,,006 00,a,,,http://rdaregistry.info/Elements/w/P10368,has frequency,,,,,
283,,6,FIXED-LENGTH DATA ELEMENTS--ADDITIONAL MATERIAL CHARACTERISTICS--GENERAL INFORMATION (R),15,Undefined,,,006 00,a,,,http://rdaregistry.info/Elements/m/P30305,has intended audience of manifestation,,,,,
284,,6,FIXED-LENGTH DATA ELEMENTS--ADDITIONAL MATERIAL CHARACTERISTICS--GENERAL INFORMATION (R),15,Undefined,,,006 00,t,,,http://rdaregistry.info/Elements/w/P10368,has frequency,,,,,
285,,6,FIXED-LENGTH DATA ELEMENTS--ADDITIONAL MATERIAL CHARACTERISTICS--GENERAL INFORMATION (R),15,Undefined,,,006 00,t,,,http://rdaregistry.info/Elements/m/P30305,has intended audience of manifestation,,,,,
286,,6,FIXED-LENGTH DATA ELEMENTS--ADDITIONAL MATERIAL CHARACTERISTICS--GENERAL INFORMATION (R),15,Undefined,,,006 00,e,,,http://rdaregistry.info/Elements/w/P10368,has frequency,,,,,
287,,6,FIXED-LENGTH DATA ELEMENTS--ADDITIONAL MATERIAL CHARACTERISTICS--GENERAL INFORMATION (R),15,Undefined,,,006 00,e,,,http://rdaregistry.info/Elements/m/P30305,has intended audience of manifestation,,,,,
288,,6,FIXED-LENGTH DATA ELEMENTS--ADDITIONAL MATERIAL CHARACTERISTICS--GENERAL INFORMATION (R),15,Undefined,,,006 00,f,,,http://rdaregistry.info/Elements/w/P10368,has frequency,,,,,
289,,6,FIXED-LENGTH DATA ELEMENTS--ADDITIONAL MATERIAL CHARACTERISTICS--GENERAL INFORMATION (R),15,Undefined,,,006 00,f,,,http://rdaregistry.info/Elements/m/P30305,has intended audience of manifestation,,,,,
290,,6,FIXED-LENGTH DATA ELEMENTS--ADDITIONAL MATERIAL CHARACTERISTICS--GENERAL INFORMATION (R),15,Undefined,,,006 00,c,,,http://rdaregistry.info/Elements/w/P10368,has frequency,,,,,
291,,6,FIXED-LENGTH DATA ELEMENTS--ADDITIONAL MATERIAL CHARACTERISTICS--GENERAL INFORMATION (R),15,Undefined,,,006 00,c,,,http://rdaregistry.info/Elements/m/P30305,has intended audience of manifestation,,,,,
292,,6,FIXED-LENGTH DATA ELEMENTS--ADDITIONAL MATERIAL CHARACTERISTICS--GENERAL INFORMATION (R),15,Undefined,,,006 00,d,,,http://rdaregistry.info/Elements/w/P10368,has frequency,,,,,
293,,6,FIXED-LENGTH DATA ELEMENTS--ADDITIONAL MATERIAL CHARACTERISTICS--GENERAL INFORMATION (R),15,Undefined,,,006 00,d,,,http://rdaregistry.info/Elements/m/P30305,has intended audience of manifestation,,,,,
294,,6,FIXED-LENGTH DATA ELEMENTS--ADDITIONAL MATERIAL CHARACTERISTICS--GENERAL INFORMATION (R),15,Undefined,,,006 00,i,,,http://rdaregistry.info/Elements/w/P10368,has frequency,,,,,
295,,6,FIXED-LENGTH DATA ELEMENTS--ADDITIONAL MATERIAL CHARACTERISTICS--GENERAL INFORMATION (R),15,Undefined,,,006 00,i,,,http://rdaregistry.info/Elements/m/P30305,has intended audience of manifestation,,,,,
296,,6,FIXED-LENGTH DATA ELEMENTS--ADDITIONAL MATERIAL CHARACTERISTICS--GENERAL INFORMATION (R),15,Undefined,,,006 00,j,,,http://rdaregistry.info/Elements/w/P10368,has frequency,,,,,
297,,6,FIXED-LENGTH DATA ELEMENTS--ADDITIONAL MATERIAL CHARACTERISTICS--GENERAL INFORMATION (R),15,Undefined,,,006 00,j,,,http://rdaregistry.info/Elements/m/P30305,has intended audience of manifestation,,,,,
298,,6,FIXED-LENGTH DATA ELEMENTS--ADDITIONAL MATERIAL CHARACTERISTICS--GENERAL INFORMATION (R),16,Literary form,,,006 00,a,,,http://rdaregistry.info/Elements/w/P10368,has frequency,,,,,
299,,6,FIXED-LENGTH DATA ELEMENTS--ADDITIONAL MATERIAL CHARACTERISTICS--GENERAL INFORMATION (R),16,Literary form,,,006 00,a,,,http://rdaregistry.info/Elements/m/P30305,has intended audience of manifestation,,,,,
300,,6,FIXED-LENGTH DATA ELEMENTS--ADDITIONAL MATERIAL CHARACTERISTICS--GENERAL INFORMATION (R),16,Literary form,,,006 00,t,,,http://rdaregistry.info/Elements/w/P10368,has frequency,,,,,
301,,6,FIXED-LENGTH DATA ELEMENTS--ADDITIONAL MATERIAL CHARACTERISTICS--GENERAL INFORMATION (R),16,Literary form,,,006 00,t,,,http://rdaregistry.info/Elements/m/P30305,has intended audience of manifestation,,,,,
302,,6,FIXED-LENGTH DATA ELEMENTS--ADDITIONAL MATERIAL CHARACTERISTICS--GENERAL INFORMATION (R),16,Transposition and arrangement,,,006 00,c,,,http://rdaregistry.info/Elements/w/P10368,has frequency,,,,,
303,,6,FIXED-LENGTH DATA ELEMENTS--ADDITIONAL MATERIAL CHARACTERISTICS--GENERAL INFORMATION (R),16,Transposition and arrangement,,,006 00,c,,,http://rdaregistry.info/Elements/m/P30305,has intended audience of manifestation,,,,,
304,,6,FIXED-LENGTH DATA ELEMENTS--ADDITIONAL MATERIAL CHARACTERISTICS--GENERAL INFORMATION (R),16,Transposition and arrangement,,,006 00,d,,,http://rdaregistry.info/Elements/w/P10368,has frequency,,,,,
305,,6,FIXED-LENGTH DATA ELEMENTS--ADDITIONAL MATERIAL CHARACTERISTICS--GENERAL INFORMATION (R),16,Transposition and arrangement,,,006 00,d,,,http://rdaregistry.info/Elements/m/P30305,has intended audience of manifestation,,,,,
306,,6,FIXED-LENGTH DATA ELEMENTS--ADDITIONAL MATERIAL CHARACTERISTICS--GENERAL INFORMATION (R),16,Transposition and arrangement,,,006 00,i,,,http://rdaregistry.info/Elements/w/P10368,has frequency,,,,,
307,,6,FIXED-LENGTH DATA ELEMENTS--ADDITIONAL MATERIAL CHARACTERISTICS--GENERAL INFORMATION (R),16,Transposition and arrangement,,,006 00,i,,,http://rdaregistry.info/Elements/m/P30305,has intended audience of manifestation,,,,,
308,,6,FIXED-LENGTH DATA ELEMENTS--ADDITIONAL MATERIAL CHARACTERISTICS--GENERAL INFORMATION (R),16,Transposition and arrangement,,,006 00,j,,,http://rdaregistry.info/Elements/w/P10368,has frequency,,,,,
309,,6,FIXED-LENGTH DATA ELEMENTS--ADDITIONAL MATERIAL CHARACTERISTICS--GENERAL INFORMATION (R),16,Transposition and arrangement,,,006 00,j,,,http://rdaregistry.info/Elements/m/P30305,has intended audience of manifestation,,,,,
310,,6,FIXED-LENGTH DATA ELEMENTS--ADDITIONAL MATERIAL CHARACTERISTICS--GENERAL INFORMATION (R),16,Original alphabet or script of title,,,006 00,s,,,http://rdaregistry.info/Elements/w/P10368,has frequency,,,,,
311,,6,FIXED-LENGTH DATA ELEMENTS--ADDITIONAL MATERIAL CHARACTERISTICS--GENERAL INFORMATION (R),16,Original alphabet or script of title,,,006 00,s,,,http://rdaregistry.info/Elements/m/P30305,has intended audience of manifestation,,,,,
312,,6,FIXED-LENGTH DATA ELEMENTS--ADDITIONAL MATERIAL CHARACTERISTICS--GENERAL INFORMATION (R),16,Type of visual material,,,006 00,g,,,http://rdaregistry.info/Elements/w/P10368,has frequency,,,,,
313,,6,FIXED-LENGTH DATA ELEMENTS--ADDITIONAL MATERIAL CHARACTERISTICS--GENERAL INFORMATION (R),16,Type of visual material,,,006 00,g,,,http://rdaregistry.info/Elements/m/P30305,has intended audience of manifestation,,,,,
314,,6,FIXED-LENGTH DATA ELEMENTS--ADDITIONAL MATERIAL CHARACTERISTICS--GENERAL INFORMATION (R),16,Type of visual material,,,006 00,k,,,http://rdaregistry.info/Elements/w/P10368,has frequency,,,,,
315,,6,FIXED-LENGTH DATA ELEMENTS--ADDITIONAL MATERIAL CHARACTERISTICS--GENERAL INFORMATION (R),16,Type of visual material,,,006 00,k,,,http://rdaregistry.info/Elements/m/P30305,has intended audience of manifestation,,,,,
316,,6,FIXED-LENGTH DATA ELEMENTS--ADDITIONAL MATERIAL CHARACTERISTICS--GENERAL INFORMATION (R),16,Type of visual material,,,006 00,o,,,http://rdaregistry.info/Elements/w/P10368,has frequency,,,,,
317,,6,FIXED-LENGTH DATA ELEMENTS--ADDITIONAL MATERIAL CHARACTERISTICS--GENERAL INFORMATION (R),16,Type of visual material,,,006 00,o,,,http://rdaregistry.info/Elements/m/P30305,has intended audience of manifestation,,,,,
318,,6,FIXED-LENGTH DATA ELEMENTS--ADDITIONAL MATERIAL CHARACTERISTICS--GENERAL INFORMATION (R),16,Type of visual material,,,006 00,r,,,http://rdaregistry.info/Elements/w/P10368,has frequency,,,,,
319,,6,FIXED-LENGTH DATA ELEMENTS--ADDITIONAL MATERIAL CHARACTERISTICS--GENERAL INFORMATION (R),16,Type of visual material,,,006 00,r,,,http://rdaregistry.info/Elements/m/P30305,has intended audience of manifestation,,,,,
320,,6,FIXED-LENGTH DATA ELEMENTS--ADDITIONAL MATERIAL CHARACTERISTICS--GENERAL INFORMATION (R),,Special format characteristics,,,006 00,e,,,http://rdaregistry.info/Elements/w/P10368,has frequency,,,,,
321,,6,FIXED-LENGTH DATA ELEMENTS--ADDITIONAL MATERIAL CHARACTERISTICS--GENERAL INFORMATION (R),,Special format characteristics,,,006 00,e,,,http://rdaregistry.info/Elements/m/P30305,has intended audience of manifestation,,,,,
322,,6,FIXED-LENGTH DATA ELEMENTS--ADDITIONAL MATERIAL CHARACTERISTICS--GENERAL INFORMATION (R),,Special format characteristics,,,006 00,f,,,http://rdaregistry.info/Elements/w/P10368,has frequency,,,,,
323,,6,FIXED-LENGTH DATA ELEMENTS--ADDITIONAL MATERIAL CHARACTERISTICS--GENERAL INFORMATION (R),,Special format characteristics,,,006 00,f,,,http://rdaregistry.info/Elements/m/P30305,has intended audience of manifestation,,,,,
324,,6,FIXED-LENGTH DATA ELEMENTS--ADDITIONAL MATERIAL CHARACTERISTICS--GENERAL INFORMATION (R),17,Biography,,,006 00,a,,,http://rdaregistry.info/Elements/w/P10368,has frequency,,,,,
325,,6,FIXED-LENGTH DATA ELEMENTS--ADDITIONAL MATERIAL CHARACTERISTICS--GENERAL INFORMATION (R),17,Biography,,,006 00,a,,,http://rdaregistry.info/Elements/m/P30305,has intended audience of manifestation,,,,,
326,,6,FIXED-LENGTH DATA ELEMENTS--ADDITIONAL MATERIAL CHARACTERISTICS--GENERAL INFORMATION (R),17,Biography,,,006 00,t,,,http://rdaregistry.info/Elements/w/P10368,has frequency,,,,,
327,,6,FIXED-LENGTH DATA ELEMENTS--ADDITIONAL MATERIAL CHARACTERISTICS--GENERAL INFORMATION (R),17,Biography,,,006 00,t,,,http://rdaregistry.info/Elements/m/P30305,has intended audience of manifestation,,,,,
328,,6,FIXED-LENGTH DATA ELEMENTS--ADDITIONAL MATERIAL CHARACTERISTICS--GENERAL INFORMATION (R),17,Undefined,,,006 00,c,,,http://rdaregistry.info/Elements/w/P10368,has frequency,,,,,
329,,6,FIXED-LENGTH DATA ELEMENTS--ADDITIONAL MATERIAL CHARACTERISTICS--GENERAL INFORMATION (R),17,Undefined,,,006 00,c,,,http://rdaregistry.info/Elements/m/P30305,has intended audience of manifestation,,,,,
330,,6,FIXED-LENGTH DATA ELEMENTS--ADDITIONAL MATERIAL CHARACTERISTICS--GENERAL INFORMATION (R),17,Undefined,,,006 00,d,,,http://rdaregistry.info/Elements/w/P10368,has frequency,,,,,
331,,6,FIXED-LENGTH DATA ELEMENTS--ADDITIONAL MATERIAL CHARACTERISTICS--GENERAL INFORMATION (R),17,Undefined,,,006 00,d,,,http://rdaregistry.info/Elements/m/P30305,has intended audience of manifestation,,,,,
332,,6,FIXED-LENGTH DATA ELEMENTS--ADDITIONAL MATERIAL CHARACTERISTICS--GENERAL INFORMATION (R),17,Undefined,,,006 00,i,,,http://rdaregistry.info/Elements/w/P10368,has frequency,,,,,
333,,6,FIXED-LENGTH DATA ELEMENTS--ADDITIONAL MATERIAL CHARACTERISTICS--GENERAL INFORMATION (R),17,Undefined,,,006 00,i,,,http://rdaregistry.info/Elements/m/P30305,has intended audience of manifestation,,,,,
334,,6,FIXED-LENGTH DATA ELEMENTS--ADDITIONAL MATERIAL CHARACTERISTICS--GENERAL INFORMATION (R),17,Undefined,,,006 00,j,,,http://rdaregistry.info/Elements/w/P10368,has frequency,,,,,
335,,6,FIXED-LENGTH DATA ELEMENTS--ADDITIONAL MATERIAL CHARACTERISTICS--GENERAL INFORMATION (R),17,Undefined,,,006 00,j,,,http://rdaregistry.info/Elements/m/P30305,has intended audience of manifestation,,,,,
336,,6,FIXED-LENGTH DATA ELEMENTS--ADDITIONAL MATERIAL CHARACTERISTICS--GENERAL INFORMATION (R),17,Entry convention,,,006 00,s,,,http://rdaregistry.info/Elements/w/P10368,has frequency,,,,,
337,,6,FIXED-LENGTH DATA ELEMENTS--ADDITIONAL MATERIAL CHARACTERISTICS--GENERAL INFORMATION (R),17,Entry convention,,,006 00,s,,,http://rdaregistry.info/Elements/m/P30305,has intended audience of manifestation,,,,,
338,,6,FIXED-LENGTH DATA ELEMENTS--ADDITIONAL MATERIAL CHARACTERISTICS--GENERAL INFORMATION (R),17,Technique,,,006 00,g,,,http://rdaregistry.info/Elements/w/P10368,has frequency,,,,,
339,,6,FIXED-LENGTH DATA ELEMENTS--ADDITIONAL MATERIAL CHARACTERISTICS--GENERAL INFORMATION (R),17,Technique,,,006 00,g,,,http://rdaregistry.info/Elements/m/P30305,has intended audience of manifestation,,,,,
340,,6,FIXED-LENGTH DATA ELEMENTS--ADDITIONAL MATERIAL CHARACTERISTICS--GENERAL INFORMATION (R),17,Technique,,,006 00,k,,,http://rdaregistry.info/Elements/w/P10368,has frequency,,,,,
341,,6,FIXED-LENGTH DATA ELEMENTS--ADDITIONAL MATERIAL CHARACTERISTICS--GENERAL INFORMATION (R),17,Technique,,,006 00,k,,,http://rdaregistry.info/Elements/m/P30305,has intended audience of manifestation,,,,,
342,,6,FIXED-LENGTH DATA ELEMENTS--ADDITIONAL MATERIAL CHARACTERISTICS--GENERAL INFORMATION (R),17,Technique,,,006 00,o,,,http://rdaregistry.info/Elements/w/P10368,has frequency,,,,,
343,,6,FIXED-LENGTH DATA ELEMENTS--ADDITIONAL MATERIAL CHARACTERISTICS--GENERAL INFORMATION (R),17,Technique,,,006 00,o,,,http://rdaregistry.info/Elements/m/P30305,has intended audience of manifestation,,,,,
344,,6,FIXED-LENGTH DATA ELEMENTS--ADDITIONAL MATERIAL CHARACTERISTICS--GENERAL INFORMATION (R),17,Technique,,,006 00,r,,,http://rdaregistry.info/Elements/w/P10368,has frequency,,,,,
345,,6,FIXED-LENGTH DATA ELEMENTS--ADDITIONAL MATERIAL CHARACTERISTICS--GENERAL INFORMATION (R),17,Technique,,,006 00,r,,,http://rdaregistry.info/Elements/m/P30305,has intended audience of manifestation,,,,,
