,Status,MARCField,MARCFieldLabel,MARCInd1Label,MARCInd1Value,MARCInd1ValueLabel,MARCInd2Label,MARCInd2Value,MARCInd2ValueLabel,CharacterPosition,CharacterPositionLabel,MARCSubfield,MARCSubfieldLabel,CodeValue,CodeValueLabel,MARCTagCondition1,Condition1Values,MARCTagCondition2,Condition2Values,RDA Registry URI,RDA Registry Label,Recording Method,Justification for Mapping,Transformation Notes,Problems with Mapping,Notes (Uncategorized)
0,delete,630,SUBJECT ADDED ENTRY--UNIFORM TITLE (R),Nonfiling characters,*,,Thesaurus,*,,,,t,Title of a work (NR),,,,,,,http://rdaregistry.info/Elements/w/P10100,is description of work,,,,,https://github.com/uwlib-cams/MARC2RDA/issues/242
1,delete,630,SUBJECT ADDED ENTRY--UNIFORM TITLE (R),Nonfiling characters,*,,Thesaurus,*,,,,t,Title of a work (NR),,,,,,,http://rdaregistry.info/Elements/w/P10140,is analysis of work,,,,,
2,delete,630,SUBJECT ADDED ENTRY--UNIFORM TITLE (R),Nonfiling characters,*,,Thesaurus,*,,,,t,Title of a work (NR),,,,,,,http://rdaregistry.info/Elements/w/P10153,is evaluation of work,,,,,
3,delete,630,SUBJECT ADDED ENTRY--UNIFORM TITLE (R),Nonfiling characters,*,,Thesaurus,*,,,,t,Title of a work (NR),,,,,,,http://rdaregistry.info/Elements/w/P10178,is review of work,,,,,
4,delete,630,SUBJECT ADDED ENTRY--UNIFORM TITLE (R),Nonfiling characters,*,,Thesaurus,*,,,,t,Title of a work (NR),,,,,,,http://rdaregistry.info/Elements/w/P10182,is critique of work,,,,,
5,delete,630,SUBJECT ADDED ENTRY--UNIFORM TITLE (R),Nonfiling characters,*,,Thesaurus,*,,,,t,Title of a work (NR),,,,,,,http://rdaregistry.info/Elements/w/P10187,is commentary on work,,,,,
6,delete,630,SUBJECT ADDED ENTRY--UNIFORM TITLE (R),Nonfiling characters,*,,Thesaurus,*,,,,t,Title of a work (NR),,,,,,,http://rdaregistry.info/Elements/w/P10256,has subject,,,,,
7,delete,630,SUBJECT ADDED ENTRY--UNIFORM TITLE (R),Nonfiling characters,*,,Thesaurus,*,,,,t,Title of a work (NR),,,,,,,http://rdaregistry.info/Elements/w/P10257,has subject work,,,,,
8,delete,630,SUBJECT ADDED ENTRY--UNIFORM TITLE (R),Nonfiling characters,*,,Thesaurus,*,,,,t,Title of a work (NR),,,,,,,http://rdaregistry.info/Elements/w/P10258,has subject expression,,,,,
9,delete,630,SUBJECT ADDED ENTRY--UNIFORM TITLE (R),Nonfiling characters,*,,Thesaurus,*,,,,t,Title of a work (NR),,,,,,,http://rdaregistry.info/Elements/w/P10259,has subject manifestation,,,,,
10,delete,630,SUBJECT ADDED ENTRY--UNIFORM TITLE (R),Nonfiling characters,*,,Thesaurus,*,,,,t,Title of a work (NR),,,,,,,http://rdaregistry.info/Elements/w/P10271,is description of manifestation,,,,,
11,delete,630,SUBJECT ADDED ENTRY--UNIFORM TITLE (R),Nonfiling characters,*,,Thesaurus,*,,,,t,Title of a work (NR),,,,,,,http://rdaregistry.info/Elements/w/P10272,is analysis of manifestation,,,,,
12,delete,630,SUBJECT ADDED ENTRY--UNIFORM TITLE (R),Nonfiling characters,*,,Thesaurus,*,,,,t,Title of a work (NR),,,,,,,http://rdaregistry.info/Elements/w/P10273,is evaluation of manifestation,,,,,
13,delete,630,SUBJECT ADDED ENTRY--UNIFORM TITLE (R),Nonfiling characters,*,,Thesaurus,*,,,,t,Title of a work (NR),,,,,,,http://rdaregistry.info/Elements/w/P10274,is review of manifestation,,,,,
14,delete,630,SUBJECT ADDED ENTRY--UNIFORM TITLE (R),Nonfiling characters,*,,Thesaurus,*,,,,t,Title of a work (NR),,,,,,,http://rdaregistry.info/Elements/w/P10275,is critique of manifestation,,,,,
15,delete,630,SUBJECT ADDED ENTRY--UNIFORM TITLE (R),Nonfiling characters,*,,Thesaurus,*,,,,t,Title of a work (NR),,,,,,,http://rdaregistry.info/Elements/w/P10276,is commentary on manifestation,,,,,
16,delete,630,SUBJECT ADDED ENTRY--UNIFORM TITLE (R),Nonfiling characters,*,,Thesaurus,*,,,,t,Title of a work (NR),,,,,,,http://rdaregistry.info/Elements/w/P10277,is description of expression,,,,,
17,delete,630,SUBJECT ADDED ENTRY--UNIFORM TITLE (R),Nonfiling characters,*,,Thesaurus,*,,,,t,Title of a work (NR),,,,,,,http://rdaregistry.info/Elements/w/P10278,is analysis of expression,,,,,
18,delete,630,SUBJECT ADDED ENTRY--UNIFORM TITLE (R),Nonfiling characters,*,,Thesaurus,*,,,,t,Title of a work (NR),,,,,,,http://rdaregistry.info/Elements/w/P10279,is evaluation of expression,,,,,
19,delete,630,SUBJECT ADDED ENTRY--UNIFORM TITLE (R),Nonfiling characters,*,,Thesaurus,*,,,,t,Title of a work (NR),,,,,,,http://rdaregistry.info/Elements/w/P10280,is review of expression,,,,,
20,delete,630,SUBJECT ADDED ENTRY--UNIFORM TITLE (R),Nonfiling characters,*,,Thesaurus,*,,,,t,Title of a work (NR),,,,,,,http://rdaregistry.info/Elements/w/P10281,is critique of expression,,,,,
21,delete,630,SUBJECT ADDED ENTRY--UNIFORM TITLE (R),Nonfiling characters,*,,Thesaurus,*,,,,t,Title of a work (NR),,,,,,,http://rdaregistry.info/Elements/w/P10282,is commentary on expression,,,,,
22,delete,630,SUBJECT ADDED ENTRY--UNIFORM TITLE (R),Nonfiling characters,*,,Thesaurus,*,,,,s,Version (R),,,,,,,http://rdaregistry.info/Elements/w/P10258,has subject expression,,,,,
23,delete,630,SUBJECT ADDED ENTRY--UNIFORM TITLE (R),Nonfiling characters,*,,Thesaurus,*,,,,s,Version (R),,,,,,,http://rdaregistry.info/Elements/w/P10277,is description of expression,,,,,
24,delete,630,SUBJECT ADDED ENTRY--UNIFORM TITLE (R),Nonfiling characters,*,,Thesaurus,*,,,,s,Version (R),,,,,,,http://rdaregistry.info/Elements/w/P10279,is evaluation of expression,,,,,
25,delete,630,SUBJECT ADDED ENTRY--UNIFORM TITLE (R),Nonfiling characters,*,,Thesaurus,*,,,,s,Version (R),,,,,,,http://rdaregistry.info/Elements/w/P10256,has subject,,,,,
26,delete,630,SUBJECT ADDED ENTRY--UNIFORM TITLE (R),Nonfiling characters,*,,Thesaurus,*,,,,s,Version (R),,,,,,,http://rdaregistry.info/Elements/w/P10259,has subject manifestation,,,,,
27,delete,630,SUBJECT ADDED ENTRY--UNIFORM TITLE (R),Nonfiling characters,*,,Thesaurus,*,,,,s,Version (R),,,,,,,http://rdaregistry.info/Elements/w/P10271,is description of manifestation,,,,,
28,delete,630,SUBJECT ADDED ENTRY--UNIFORM TITLE (R),Nonfiling characters,*,,Thesaurus,*,,,,s,Version (R),,,,,,,http://rdaregistry.info/Elements/w/P10272,is analysis of manifestation,,,,,
29,delete,630,SUBJECT ADDED ENTRY--UNIFORM TITLE (R),Nonfiling characters,*,,Thesaurus,*,,,,s,Version (R),,,,,,,http://rdaregistry.info/Elements/w/P10273,is evaluation of manifestation,,,,,
30,delete,630,SUBJECT ADDED ENTRY--UNIFORM TITLE (R),Nonfiling characters,*,,Thesaurus,*,,,,s,Version (R),,,,,,,http://rdaregistry.info/Elements/w/P10274,is review of manifestation,,,,,
31,delete,630,SUBJECT ADDED ENTRY--UNIFORM TITLE (R),Nonfiling characters,*,,Thesaurus,*,,,,s,Version (R),,,,,,,http://rdaregistry.info/Elements/w/P10275,is critique of manifestation,,,,,
32,delete,630,SUBJECT ADDED ENTRY--UNIFORM TITLE (R),Nonfiling characters,*,,Thesaurus,*,,,,s,Version (R),,,,,,,http://rdaregistry.info/Elements/w/P10276,is commentary on manifestation,,,,,
33,delete,630,SUBJECT ADDED ENTRY--UNIFORM TITLE (R),Nonfiling characters,*,,Thesaurus,*,,,,r,Key for music (NR),,,,,,,http://rdaregistry.info/Elements/w/P10100,is description of work,,,,,
34,delete,630,SUBJECT ADDED ENTRY--UNIFORM TITLE (R),Nonfiling characters,*,,Thesaurus,*,,,,r,Key for music (NR),,,,,,,http://rdaregistry.info/Elements/w/P10140,is analysis of work,,,,,
35,delete,630,SUBJECT ADDED ENTRY--UNIFORM TITLE (R),Nonfiling characters,*,,Thesaurus,*,,,,r,Key for music (NR),,,,,,,http://rdaregistry.info/Elements/w/P10153,is evaluation of work,,,,,
36,delete,630,SUBJECT ADDED ENTRY--UNIFORM TITLE (R),Nonfiling characters,*,,Thesaurus,*,,,,r,Key for music (NR),,,,,,,http://rdaregistry.info/Elements/w/P10178,is review of work,,,,,
37,delete,630,SUBJECT ADDED ENTRY--UNIFORM TITLE (R),Nonfiling characters,*,,Thesaurus,*,,,,r,Key for music (NR),,,,,,,http://rdaregistry.info/Elements/w/P10182,is critique of work,,,,,
38,delete,630,SUBJECT ADDED ENTRY--UNIFORM TITLE (R),Nonfiling characters,*,,Thesaurus,*,,,,r,Key for music (NR),,,,,,,http://rdaregistry.info/Elements/w/P10187,is commentary on work,,,,,
39,delete,630,SUBJECT ADDED ENTRY--UNIFORM TITLE (R),Nonfiling characters,*,,Thesaurus,*,,,,r,Key for music (NR),,,,,,,http://rdaregistry.info/Elements/w/P10256,has subject,,,,,
40,delete,630,SUBJECT ADDED ENTRY--UNIFORM TITLE (R),Nonfiling characters,*,,Thesaurus,*,,,,r,Key for music (NR),,,,,,,http://rdaregistry.info/Elements/w/P10257,has subject work,,,,,
41,delete,630,SUBJECT ADDED ENTRY--UNIFORM TITLE (R),Nonfiling characters,*,,Thesaurus,*,,,,r,Key for music (NR),,,,,,,http://rdaregistry.info/Elements/w/P10258,has subject expression,,,,,
42,delete,630,SUBJECT ADDED ENTRY--UNIFORM TITLE (R),Nonfiling characters,*,,Thesaurus,*,,,,r,Key for music (NR),,,,,,,http://rdaregistry.info/Elements/w/P10259,has subject manifestation,,,,,
43,delete,630,SUBJECT ADDED ENTRY--UNIFORM TITLE (R),Nonfiling characters,*,,Thesaurus,*,,,,r,Key for music (NR),,,,,,,http://rdaregistry.info/Elements/w/P10271,is description of manifestation,,,,,
44,delete,630,SUBJECT ADDED ENTRY--UNIFORM TITLE (R),Nonfiling characters,*,,Thesaurus,*,,,,r,Key for music (NR),,,,,,,http://rdaregistry.info/Elements/w/P10272,is analysis of manifestation,,,,,
45,delete,630,SUBJECT ADDED ENTRY--UNIFORM TITLE (R),Nonfiling characters,*,,Thesaurus,*,,,,r,Key for music (NR),,,,,,,http://rdaregistry.info/Elements/w/P10273,is evaluation of manifestation,,,,,
46,delete,630,SUBJECT ADDED ENTRY--UNIFORM TITLE (R),Nonfiling characters,*,,Thesaurus,*,,,,r,Key for music (NR),,,,,,,http://rdaregistry.info/Elements/w/P10274,is review of manifestation,,,,,
47,delete,630,SUBJECT ADDED ENTRY--UNIFORM TITLE (R),Nonfiling characters,*,,Thesaurus,*,,,,r,Key for music (NR),,,,,,,http://rdaregistry.info/Elements/w/P10275,is critique of manifestation,,,,,
48,delete,630,SUBJECT ADDED ENTRY--UNIFORM TITLE (R),Nonfiling characters,*,,Thesaurus,*,,,,r,Key for music (NR),,,,,,,http://rdaregistry.info/Elements/w/P10276,is commentary on manifestation,,,,,
49,delete,630,SUBJECT ADDED ENTRY--UNIFORM TITLE (R),Nonfiling characters,*,,Thesaurus,*,,,,r,Key for music (NR),,,,,,,http://rdaregistry.info/Elements/w/P10277,is description of expression,,,,,
50,delete,630,SUBJECT ADDED ENTRY--UNIFORM TITLE (R),Nonfiling characters,*,,Thesaurus,*,,,,r,Key for music (NR),,,,,,,http://rdaregistry.info/Elements/w/P10278,is analysis of expression,,,,,
51,delete,630,SUBJECT ADDED ENTRY--UNIFORM TITLE (R),Nonfiling characters,*,,Thesaurus,*,,,,r,Key for music (NR),,,,,,,http://rdaregistry.info/Elements/w/P10279,is evaluation of expression,,,,,
52,delete,630,SUBJECT ADDED ENTRY--UNIFORM TITLE (R),Nonfiling characters,*,,Thesaurus,*,,,,r,Key for music (NR),,,,,,,http://rdaregistry.info/Elements/w/P10280,is review of expression,,,,,
53,delete,630,SUBJECT ADDED ENTRY--UNIFORM TITLE (R),Nonfiling characters,*,,Thesaurus,*,,,,r,Key for music (NR),,,,,,,http://rdaregistry.info/Elements/w/P10281,is critique of expression,,,,,
54,delete,630,SUBJECT ADDED ENTRY--UNIFORM TITLE (R),Nonfiling characters,*,,Thesaurus,*,,,,r,Key for music (NR),,,,,,,http://rdaregistry.info/Elements/w/P10282,is commentary on expression,,,,,
55,delete,630,SUBJECT ADDED ENTRY--UNIFORM TITLE (R),Nonfiling characters,*,,Thesaurus,*,,,,p,Name of part/section of a work (R),,,,,,,http://rdaregistry.info/Elements/w/P10100,is description of work,,,,,work
56,delete,630,SUBJECT ADDED ENTRY--UNIFORM TITLE (R),Nonfiling characters,*,,Thesaurus,*,,,,p,Name of part/section of a work (R),,,,,,,http://rdaregistry.info/Elements/w/P10140,is analysis of work,,,,,work
57,delete,630,SUBJECT ADDED ENTRY--UNIFORM TITLE (R),Nonfiling characters,*,,Thesaurus,*,,,,p,Name of part/section of a work (R),,,,,,,http://rdaregistry.info/Elements/w/P10153,is evaluation of work,,,,,work
58,delete,630,SUBJECT ADDED ENTRY--UNIFORM TITLE (R),Nonfiling characters,*,,Thesaurus,*,,,,p,Name of part/section of a work (R),,,,,,,http://rdaregistry.info/Elements/w/P10178,is review of work,,,,,work
59,delete,630,SUBJECT ADDED ENTRY--UNIFORM TITLE (R),Nonfiling characters,*,,Thesaurus,*,,,,p,Name of part/section of a work (R),,,,,,,http://rdaregistry.info/Elements/w/P10182,is critique of work,,,,,work
60,delete,630,SUBJECT ADDED ENTRY--UNIFORM TITLE (R),Nonfiling characters,*,,Thesaurus,*,,,,p,Name of part/section of a work (R),,,,,,,http://rdaregistry.info/Elements/w/P10187,is commentary on work,,,,,work
61,delete,630,SUBJECT ADDED ENTRY--UNIFORM TITLE (R),Nonfiling characters,*,,Thesaurus,*,,,,p,Name of part/section of a work (R),,,,,,,http://rdaregistry.info/Elements/w/P10256,has subject,,,,,work
62,delete,630,SUBJECT ADDED ENTRY--UNIFORM TITLE (R),Nonfiling characters,*,,Thesaurus,*,,,,p,Name of part/section of a work (R),,,,,,,http://rdaregistry.info/Elements/w/P10257,has subject work,,,,,work
63,delete,630,SUBJECT ADDED ENTRY--UNIFORM TITLE (R),Nonfiling characters,*,,Thesaurus,*,,,,p,Name of part/section of a work (R),,,,,,,http://rdaregistry.info/Elements/w/P10258,has subject expression,,,,,work
64,delete,630,SUBJECT ADDED ENTRY--UNIFORM TITLE (R),Nonfiling characters,*,,Thesaurus,*,,,,p,Name of part/section of a work (R),,,,,,,http://rdaregistry.info/Elements/w/P10259,has subject manifestation,,,,,work
65,delete,630,SUBJECT ADDED ENTRY--UNIFORM TITLE (R),Nonfiling characters,*,,Thesaurus,*,,,,p,Name of part/section of a work (R),,,,,,,http://rdaregistry.info/Elements/w/P10271,is description of manifestation,,,,,work
66,delete,630,SUBJECT ADDED ENTRY--UNIFORM TITLE (R),Nonfiling characters,*,,Thesaurus,*,,,,p,Name of part/section of a work (R),,,,,,,http://rdaregistry.info/Elements/w/P10272,is analysis of manifestation,,,,,work
67,delete,630,SUBJECT ADDED ENTRY--UNIFORM TITLE (R),Nonfiling characters,*,,Thesaurus,*,,,,p,Name of part/section of a work (R),,,,,,,http://rdaregistry.info/Elements/w/P10273,is evaluation of manifestation,,,,,work
68,delete,630,SUBJECT ADDED ENTRY--UNIFORM TITLE (R),Nonfiling characters,*,,Thesaurus,*,,,,p,Name of part/section of a work (R),,,,,,,http://rdaregistry.info/Elements/w/P10274,is review of manifestation,,,,,work
69,delete,630,SUBJECT ADDED ENTRY--UNIFORM TITLE (R),Nonfiling characters,*,,Thesaurus,*,,,,p,Name of part/section of a work (R),,,,,,,http://rdaregistry.info/Elements/w/P10275,is critique of manifestation,,,,,work
70,delete,630,SUBJECT ADDED ENTRY--UNIFORM TITLE (R),Nonfiling characters,*,,Thesaurus,*,,,,p,Name of part/section of a work (R),,,,,,,http://rdaregistry.info/Elements/w/P10276,is commentary on manifestation,,,,,work
71,delete,630,SUBJECT ADDED ENTRY--UNIFORM TITLE (R),Nonfiling characters,*,,Thesaurus,*,,,,p,Name of part/section of a work (R),,,,,,,http://rdaregistry.info/Elements/w/P10277,is description of expression,,,,,work
72,delete,630,SUBJECT ADDED ENTRY--UNIFORM TITLE (R),Nonfiling characters,*,,Thesaurus,*,,,,p,Name of part/section of a work (R),,,,,,,http://rdaregistry.info/Elements/w/P10278,is analysis of expression,,,,,work
73,delete,630,SUBJECT ADDED ENTRY--UNIFORM TITLE (R),Nonfiling characters,*,,Thesaurus,*,,,,p,Name of part/section of a work (R),,,,,,,http://rdaregistry.info/Elements/w/P10279,is evaluation of expression,,,,,work
74,delete,630,SUBJECT ADDED ENTRY--UNIFORM TITLE (R),Nonfiling characters,*,,Thesaurus,*,,,,p,Name of part/section of a work (R),,,,,,,http://rdaregistry.info/Elements/w/P10280,is review of expression,,,,,work
75,delete,630,SUBJECT ADDED ENTRY--UNIFORM TITLE (R),Nonfiling characters,*,,Thesaurus,*,,,,p,Name of part/section of a work (R),,,,,,,http://rdaregistry.info/Elements/w/P10281,is critique of expression,,,,,work
76,delete,630,SUBJECT ADDED ENTRY--UNIFORM TITLE (R),Nonfiling characters,*,,Thesaurus,*,,,,p,Name of part/section of a work (R),,,,,,,http://rdaregistry.info/Elements/w/P10282,is commentary on expression,,,,,work
77,delete,630,SUBJECT ADDED ENTRY--UNIFORM TITLE (R),Nonfiling characters,*,,Thesaurus,*,,,,o,Arranged statement for music (NR),,,,,,,http://rdaregistry.info/Elements/w/P10256,has subject,,,,,
78,delete,630,SUBJECT ADDED ENTRY--UNIFORM TITLE (R),Nonfiling characters,*,,Thesaurus,*,,,,o,Arranged statement for music (NR),,,,,,,http://rdaregistry.info/Elements/w/P10259,has subject manifestation,,,,,
79,delete,630,SUBJECT ADDED ENTRY--UNIFORM TITLE (R),Nonfiling characters,*,,Thesaurus,*,,,,o,Arranged statement for music (NR),,,,,,,http://rdaregistry.info/Elements/w/P10271,is description of manifestation,,,,,
80,delete,630,SUBJECT ADDED ENTRY--UNIFORM TITLE (R),Nonfiling characters,*,,Thesaurus,*,,,,o,Arranged statement for music (NR),,,,,,,http://rdaregistry.info/Elements/w/P10272,is analysis of manifestation,,,,,
81,delete,630,SUBJECT ADDED ENTRY--UNIFORM TITLE (R),Nonfiling characters,*,,Thesaurus,*,,,,o,Arranged statement for music (NR),,,,,,,http://rdaregistry.info/Elements/w/P10273,is evaluation of manifestation,,,,,
82,delete,630,SUBJECT ADDED ENTRY--UNIFORM TITLE (R),Nonfiling characters,*,,Thesaurus,*,,,,o,Arranged statement for music (NR),,,,,,,http://rdaregistry.info/Elements/w/P10274,is review of manifestation,,,,,
83,delete,630,SUBJECT ADDED ENTRY--UNIFORM TITLE (R),Nonfiling characters,*,,Thesaurus,*,,,,o,Arranged statement for music (NR),,,,,,,http://rdaregistry.info/Elements/w/P10275,is critique of manifestation,,,,,
84,delete,630,SUBJECT ADDED ENTRY--UNIFORM TITLE (R),Nonfiling characters,*,,Thesaurus,*,,,,o,Arranged statement for music (NR),,,,,,,http://rdaregistry.info/Elements/w/P10276,is commentary on manifestation,,,,,
85,delete,630,SUBJECT ADDED ENTRY--UNIFORM TITLE (R),Nonfiling characters,*,,Thesaurus,*,,,,n,Number of part/section of a work (R),,,,,,,http://rdaregistry.info/Elements/w/P10100,is description of work,,,,,
86,delete,630,SUBJECT ADDED ENTRY--UNIFORM TITLE (R),Nonfiling characters,*,,Thesaurus,*,,,,n,Number of part/section of a work (R),,,,,,,http://rdaregistry.info/Elements/w/P10140,is analysis of work,,,,,
87,delete,630,SUBJECT ADDED ENTRY--UNIFORM TITLE (R),Nonfiling characters,*,,Thesaurus,*,,,,n,Number of part/section of a work (R),,,,,,,http://rdaregistry.info/Elements/w/P10153,is evaluation of work,,,,,
88,delete,630,SUBJECT ADDED ENTRY--UNIFORM TITLE (R),Nonfiling characters,*,,Thesaurus,*,,,,n,Number of part/section of a work (R),,,,,,,http://rdaregistry.info/Elements/w/P10178,is review of work,,,,,
89,delete,630,SUBJECT ADDED ENTRY--UNIFORM TITLE (R),Nonfiling characters,*,,Thesaurus,*,,,,n,Number of part/section of a work (R),,,,,,,http://rdaregistry.info/Elements/w/P10182,is critique of work,,,,,
90,delete,630,SUBJECT ADDED ENTRY--UNIFORM TITLE (R),Nonfiling characters,*,,Thesaurus,*,,,,n,Number of part/section of a work (R),,,,,,,http://rdaregistry.info/Elements/w/P10187,is commentary on work,,,,,
91,delete,630,SUBJECT ADDED ENTRY--UNIFORM TITLE (R),Nonfiling characters,*,,Thesaurus,*,,,,n,Number of part/section of a work (R),,,,,,,http://rdaregistry.info/Elements/w/P10256,has subject,,,,,
92,delete,630,SUBJECT ADDED ENTRY--UNIFORM TITLE (R),Nonfiling characters,*,,Thesaurus,*,,,,n,Number of part/section of a work (R),,,,,,,http://rdaregistry.info/Elements/w/P10257,has subject work,,,,,
93,delete,630,SUBJECT ADDED ENTRY--UNIFORM TITLE (R),Nonfiling characters,*,,Thesaurus,*,,,,n,Number of part/section of a work (R),,,,,,,http://rdaregistry.info/Elements/w/P10258,has subject expression,,,,,
94,delete,630,SUBJECT ADDED ENTRY--UNIFORM TITLE (R),Nonfiling characters,*,,Thesaurus,*,,,,n,Number of part/section of a work (R),,,,,,,http://rdaregistry.info/Elements/w/P10259,has subject manifestation,,,,,work
95,delete,630,SUBJECT ADDED ENTRY--UNIFORM TITLE (R),Nonfiling characters,*,,Thesaurus,*,,,,n,Number of part/section of a work (R),,,,,,,http://rdaregistry.info/Elements/w/P10271,is description of manifestation,,,,,work
96,delete,630,SUBJECT ADDED ENTRY--UNIFORM TITLE (R),Nonfiling characters,*,,Thesaurus,*,,,,n,Number of part/section of a work (R),,,,,,,http://rdaregistry.info/Elements/w/P10272,is analysis of manifestation,,,,,work
97,delete,630,SUBJECT ADDED ENTRY--UNIFORM TITLE (R),Nonfiling characters,*,,Thesaurus,*,,,,n,Number of part/section of a work (R),,,,,,,http://rdaregistry.info/Elements/w/P10273,is evaluation of manifestation,,,,,work
98,delete,630,SUBJECT ADDED ENTRY--UNIFORM TITLE (R),Nonfiling characters,*,,Thesaurus,*,,,,n,Number of part/section of a work (R),,,,,,,http://rdaregistry.info/Elements/w/P10274,is review of manifestation,,,,,work
99,delete,630,SUBJECT ADDED ENTRY--UNIFORM TITLE (R),Nonfiling characters,*,,Thesaurus,*,,,,n,Number of part/section of a work (R),,,,,,,http://rdaregistry.info/Elements/w/P10275,is critique of manifestation,,,,,work
100,delete,630,SUBJECT ADDED ENTRY--UNIFORM TITLE (R),Nonfiling characters,*,,Thesaurus,*,,,,n,Number of part/section of a work (R),,,,,,,http://rdaregistry.info/Elements/w/P10276,is commentary on manifestation,,,,,work
101,delete,630,SUBJECT ADDED ENTRY--UNIFORM TITLE (R),Nonfiling characters,*,,Thesaurus,*,,,,n,Number of part/section of a work (R),,,,,,,http://rdaregistry.info/Elements/w/P10277,is description of expression,,,,,work
102,delete,630,SUBJECT ADDED ENTRY--UNIFORM TITLE (R),Nonfiling characters,*,,Thesaurus,*,,,,n,Number of part/section of a work (R),,,,,,,http://rdaregistry.info/Elements/w/P10278,is analysis of expression,,,,,work
103,delete,630,SUBJECT ADDED ENTRY--UNIFORM TITLE (R),Nonfiling characters,*,,Thesaurus,*,,,,n,Number of part/section of a work (R),,,,,,,http://rdaregistry.info/Elements/w/P10279,is evaluation of expression,,,,,work
104,delete,630,SUBJECT ADDED ENTRY--UNIFORM TITLE (R),Nonfiling characters,*,,Thesaurus,*,,,,n,Number of part/section of a work (R),,,,,,,http://rdaregistry.info/Elements/w/P10280,is review of expression,,,,,work
105,delete,630,SUBJECT ADDED ENTRY--UNIFORM TITLE (R),Nonfiling characters,*,,Thesaurus,*,,,,n,Number of part/section of a work (R),,,,,,,http://rdaregistry.info/Elements/w/P10281,is critique of expression,,,,,work
106,delete,630,SUBJECT ADDED ENTRY--UNIFORM TITLE (R),Nonfiling characters,*,,Thesaurus,*,,,,n,Number of part/section of a work (R),,,,,,,http://rdaregistry.info/Elements/w/P10282,is commentary on expression,,,,,work
107,delete,630,SUBJECT ADDED ENTRY--UNIFORM TITLE (R),Nonfiling characters,*,,Thesaurus,*,,,,m,Medium of performance for music (R),,,,,,,http://rdaregistry.info/Elements/w/P10256,has subject,,,,,expression music
108,delete,630,SUBJECT ADDED ENTRY--UNIFORM TITLE (R),Nonfiling characters,*,,Thesaurus,*,,,,m,Medium of performance for music (R),,,,,,,http://rdaregistry.info/Elements/w/P10259,has subject manifestation,,,,,expression music
109,delete,630,SUBJECT ADDED ENTRY--UNIFORM TITLE (R),Nonfiling characters,*,,Thesaurus,*,,,,m,Medium of performance for music (R),,,,,,,http://rdaregistry.info/Elements/w/P10271,is description of manifestation,,,,,expression music
110,delete,630,SUBJECT ADDED ENTRY--UNIFORM TITLE (R),Nonfiling characters,*,,Thesaurus,*,,,,m,Medium of performance for music (R),,,,,,,http://rdaregistry.info/Elements/w/P10272,is analysis of manifestation,,,,,expression music
111,delete,630,SUBJECT ADDED ENTRY--UNIFORM TITLE (R),Nonfiling characters,*,,Thesaurus,*,,,,m,Medium of performance for music (R),,,,,,,http://rdaregistry.info/Elements/w/P10273,is evaluation of manifestation,,,,,expression music
112,delete,630,SUBJECT ADDED ENTRY--UNIFORM TITLE (R),Nonfiling characters,*,,Thesaurus,*,,,,m,Medium of performance for music (R),,,,,,,http://rdaregistry.info/Elements/w/P10274,is review of manifestation,,,,,expression music
113,delete,630,SUBJECT ADDED ENTRY--UNIFORM TITLE (R),Nonfiling characters,*,,Thesaurus,*,,,,m,Medium of performance for music (R),,,,,,,http://rdaregistry.info/Elements/w/P10275,is critique of manifestation,,,,,expression music
114,delete,630,SUBJECT ADDED ENTRY--UNIFORM TITLE (R),Nonfiling characters,*,,Thesaurus,*,,,,m,Medium of performance for music (R),,,,,,,http://rdaregistry.info/Elements/w/P10276,is commentary on manifestation,,,,,expression music
115,delete,630,SUBJECT ADDED ENTRY--UNIFORM TITLE (R),Nonfiling characters,*,,Thesaurus,*,,,,l,Language of a work (NR),,,,,,,http://rdaregistry.info/Elements/w/P10256,has subject,,,,,expression level
116,delete,630,SUBJECT ADDED ENTRY--UNIFORM TITLE (R),Nonfiling characters,*,,Thesaurus,*,,,,l,Language of a work (NR),,,,,,,http://rdaregistry.info/Elements/w/P10259,has subject manifestation,,,,,expression level
117,delete,630,SUBJECT ADDED ENTRY--UNIFORM TITLE (R),Nonfiling characters,*,,Thesaurus,*,,,,l,Language of a work (NR),,,,,,,http://rdaregistry.info/Elements/w/P10271,is description of manifestation,,,,,expression level
118,delete,630,SUBJECT ADDED ENTRY--UNIFORM TITLE (R),Nonfiling characters,*,,Thesaurus,*,,,,l,Language of a work (NR),,,,,,,http://rdaregistry.info/Elements/w/P10272,is analysis of manifestation,,,,,expression level
119,delete,630,SUBJECT ADDED ENTRY--UNIFORM TITLE (R),Nonfiling characters,*,,Thesaurus,*,,,,l,Language of a work (NR),,,,,,,http://rdaregistry.info/Elements/w/P10273,is evaluation of manifestation,,,,,expression level
120,delete,630,SUBJECT ADDED ENTRY--UNIFORM TITLE (R),Nonfiling characters,*,,Thesaurus,*,,,,l,Language of a work (NR),,,,,,,http://rdaregistry.info/Elements/w/P10274,is review of manifestation,,,,,expression level
121,delete,630,SUBJECT ADDED ENTRY--UNIFORM TITLE (R),Nonfiling characters,*,,Thesaurus,*,,,,l,Language of a work (NR),,,,,,,http://rdaregistry.info/Elements/w/P10275,is critique of manifestation,,,,,expression level
122,delete,630,SUBJECT ADDED ENTRY--UNIFORM TITLE (R),Nonfiling characters,*,,Thesaurus,*,,,,l,Language of a work (NR),,,,,,,http://rdaregistry.info/Elements/w/P10276,is commentary on manifestation,,,,,expression level
123,delete,630,SUBJECT ADDED ENTRY--UNIFORM TITLE (R),Nonfiling characters,*,,Thesaurus,*,,,,k,Form subheading (R),,,,,,,http://rdaregistry.info/Elements/w/P10256,has subject,,,,,work level
124,delete,630,SUBJECT ADDED ENTRY--UNIFORM TITLE (R),Nonfiling characters,*,,Thesaurus,*,,,,k,Form subheading (R),,,,,,,http://rdaregistry.info/Elements/w/P10259,has subject manifestation,,,,,work level
125,delete,630,SUBJECT ADDED ENTRY--UNIFORM TITLE (R),Nonfiling characters,*,,Thesaurus,*,,,,k,Form subheading (R),,,,,,,http://rdaregistry.info/Elements/w/P10271,is description of manifestation,,,,,work level
126,delete,630,SUBJECT ADDED ENTRY--UNIFORM TITLE (R),Nonfiling characters,*,,Thesaurus,*,,,,k,Form subheading (R),,,,,,,http://rdaregistry.info/Elements/w/P10272,is analysis of manifestation,,,,,work level
127,delete,630,SUBJECT ADDED ENTRY--UNIFORM TITLE (R),Nonfiling characters,*,,Thesaurus,*,,,,k,Form subheading (R),,,,,,,http://rdaregistry.info/Elements/w/P10273,is evaluation of manifestation,,,,,work level
128,delete,630,SUBJECT ADDED ENTRY--UNIFORM TITLE (R),Nonfiling characters,*,,Thesaurus,*,,,,k,Form subheading (R),,,,,,,http://rdaregistry.info/Elements/w/P10274,is review of manifestation,,,,,work level
129,delete,630,SUBJECT ADDED ENTRY--UNIFORM TITLE (R),Nonfiling characters,*,,Thesaurus,*,,,,k,Form subheading (R),,,,,,,http://rdaregistry.info/Elements/w/P10275,is critique of manifestation,,,,,work level
130,delete,630,SUBJECT ADDED ENTRY--UNIFORM TITLE (R),Nonfiling characters,*,,Thesaurus,*,,,,k,Form subheading (R),,,,,,,http://rdaregistry.info/Elements/w/P10276,is commentary on manifestation,,,,,work level
131,delete,630,SUBJECT ADDED ENTRY--UNIFORM TITLE (R),Nonfiling characters,*,,Thesaurus,*,,,,h,Medium (NR),,,,,,,http://rdaregistry.info/Elements/w/P10256,has subject,,,,,expression level
132,delete,630,SUBJECT ADDED ENTRY--UNIFORM TITLE (R),Nonfiling characters,*,,Thesaurus,*,,,,h,Medium (NR),,,,,,,http://rdaregistry.info/Elements/w/P10259,has subject manifestation,,,,,expression level
133,delete,630,SUBJECT ADDED ENTRY--UNIFORM TITLE (R),Nonfiling characters,*,,Thesaurus,*,,,,h,Medium (NR),,,,,,,http://rdaregistry.info/Elements/w/P10271,is description of manifestation,,,,,expression level
134,delete,630,SUBJECT ADDED ENTRY--UNIFORM TITLE (R),Nonfiling characters,*,,Thesaurus,*,,,,h,Medium (NR),,,,,,,http://rdaregistry.info/Elements/w/P10272,is analysis of manifestation,,,,,expression level
135,delete,630,SUBJECT ADDED ENTRY--UNIFORM TITLE (R),Nonfiling characters,*,,Thesaurus,*,,,,h,Medium (NR),,,,,,,http://rdaregistry.info/Elements/w/P10273,is evaluation of manifestation,,,,,expression level
136,delete,630,SUBJECT ADDED ENTRY--UNIFORM TITLE (R),Nonfiling characters,*,,Thesaurus,*,,,,h,Medium (NR),,,,,,,http://rdaregistry.info/Elements/w/P10274,is review of manifestation,,,,,expression level
137,delete,630,SUBJECT ADDED ENTRY--UNIFORM TITLE (R),Nonfiling characters,*,,Thesaurus,*,,,,h,Medium (NR),,,,,,,http://rdaregistry.info/Elements/w/P10275,is critique of manifestation,,,,,expression level
138,delete,630,SUBJECT ADDED ENTRY--UNIFORM TITLE (R),Nonfiling characters,*,,Thesaurus,*,,,,h,Medium (NR),,,,,,,http://rdaregistry.info/Elements/w/P10276,is commentary on manifestation,,,,,expression level
139,not mapped,630,SUBJECT ADDED ENTRY--UNIFORM TITLE (R),Nonfiling characters,*,,Thesaurus,*,,,,g,Miscellaneous information (R),,,,,,,http://rdaregistry.info/Elements/w/P10100,is description of work,,,,,SZ. the value of this subfield will be a part of the name of the work
140,not mapped,630,SUBJECT ADDED ENTRY--UNIFORM TITLE (R),Nonfiling characters,*,,Thesaurus,*,,,,g,Miscellaneous information (R),,,,,,,http://rdaregistry.info/Elements/w/P10140,is analysis of work,,,,,SZ. the value of this subfield will be a part of the name of the work
141,not mapped,630,SUBJECT ADDED ENTRY--UNIFORM TITLE (R),Nonfiling characters,*,,Thesaurus,*,,,,g,Miscellaneous information (R),,,,,,,http://rdaregistry.info/Elements/w/P10153,is evaluation of work,,,,,SZ. the value of this subfield will be a part of the name of the work
142,not mapped,630,SUBJECT ADDED ENTRY--UNIFORM TITLE (R),Nonfiling characters,*,,Thesaurus,*,,,,g,Miscellaneous information (R),,,,,,,http://rdaregistry.info/Elements/w/P10178,is review of work,,,,,SZ. the value of this subfield will be a part of the name of the work
143,not mapped,630,SUBJECT ADDED ENTRY--UNIFORM TITLE (R),Nonfiling characters,*,,Thesaurus,*,,,,g,Miscellaneous information (R),,,,,,,http://rdaregistry.info/Elements/w/P10182,is critique of work,,,,,SZ. the value of this subfield will be a part of the name of the work
144,not mapped,630,SUBJECT ADDED ENTRY--UNIFORM TITLE (R),Nonfiling characters,*,,Thesaurus,*,,,,g,Miscellaneous information (R),,,,,,,http://rdaregistry.info/Elements/w/P10187,is commentary on work,,,,,SZ. the value of this subfield will be a part of the name of the work
145,delete,630,SUBJECT ADDED ENTRY--UNIFORM TITLE (R),Nonfiling characters,*,,Thesaurus,*,,,,g,Miscellaneous information (R),,,,,,,http://rdaregistry.info/Elements/w/P10256,has subject,,,,,SZ. the value of this subfield will be a part of the name of the work
146,not mapped,630,SUBJECT ADDED ENTRY--UNIFORM TITLE (R),Nonfiling characters,*,,Thesaurus,*,,,,g,Miscellaneous information (R),,,,,,,http://rdaregistry.info/Elements/w/P10257,has subject work,,,,,SZ. the value of this subfield will be a part of the name of the work
147,not mapped,630,SUBJECT ADDED ENTRY--UNIFORM TITLE (R),Nonfiling characters,*,,Thesaurus,*,,,,g,Miscellaneous information (R),,,,,,,http://rdaregistry.info/Elements/w/P10258,has subject expression,,,,,SZ. the value of this subfield will be a part of the name of the work
148,not mapped,630,SUBJECT ADDED ENTRY--UNIFORM TITLE (R),Nonfiling characters,*,,Thesaurus,*,,,,g,Miscellaneous information (R),,,,,,,http://rdaregistry.info/Elements/w/P10259,has subject manifestation,,,,,SZ. the value of this subfield will be a part of the name of the work
149,not mapped,630,SUBJECT ADDED ENTRY--UNIFORM TITLE (R),Nonfiling characters,*,,Thesaurus,*,,,,g,Miscellaneous information (R),,,,,,,http://rdaregistry.info/Elements/w/P10271,is description of manifestation,,,,,SZ. the value of this subfield will be a part of the name of the work
150,not mapped,630,SUBJECT ADDED ENTRY--UNIFORM TITLE (R),Nonfiling characters,*,,Thesaurus,*,,,,g,Miscellaneous information (R),,,,,,,http://rdaregistry.info/Elements/w/P10272,is analysis of manifestation,,,,,SZ. the value of this subfield will be a part of the name of the work
151,not mapped,630,SUBJECT ADDED ENTRY--UNIFORM TITLE (R),Nonfiling characters,*,,Thesaurus,*,,,,g,Miscellaneous information (R),,,,,,,http://rdaregistry.info/Elements/w/P10273,is evaluation of manifestation,,,,,SZ. the value of this subfield will be a part of the name of the work
152,not mapped,630,SUBJECT ADDED ENTRY--UNIFORM TITLE (R),Nonfiling characters,*,,Thesaurus,*,,,,g,Miscellaneous information (R),,,,,,,http://rdaregistry.info/Elements/w/P10274,is review of manifestation,,,,,SZ. the value of this subfield will be a part of the name of the work
153,not mapped,630,SUBJECT ADDED ENTRY--UNIFORM TITLE (R),Nonfiling characters,*,,Thesaurus,*,,,,g,Miscellaneous information (R),,,,,,,http://rdaregistry.info/Elements/w/P10275,is critique of manifestation,,,,,SZ. the value of this subfield will be a part of the name of the work
154,not mapped,630,SUBJECT ADDED ENTRY--UNIFORM TITLE (R),Nonfiling characters,*,,Thesaurus,*,,,,g,Miscellaneous information (R),,,,,,,http://rdaregistry.info/Elements/w/P10276,is commentary on manifestation,,,,,SZ. the value of this subfield will be a part of the name of the work
155,not mapped,630,SUBJECT ADDED ENTRY--UNIFORM TITLE (R),Nonfiling characters,*,,Thesaurus,*,,,,g,Miscellaneous information (R),,,,,,,http://rdaregistry.info/Elements/w/P10277,is description of expression,,,,,SZ. the value of this subfield will be a part of the name of the work
156,not mapped,630,SUBJECT ADDED ENTRY--UNIFORM TITLE (R),Nonfiling characters,*,,Thesaurus,*,,,,g,Miscellaneous information (R),,,,,,,http://rdaregistry.info/Elements/w/P10278,is analysis of expression,,,,,SZ. the value of this subfield will be a part of the name of the work
157,not mapped,630,SUBJECT ADDED ENTRY--UNIFORM TITLE (R),Nonfiling characters,*,,Thesaurus,*,,,,g,Miscellaneous information (R),,,,,,,http://rdaregistry.info/Elements/w/P10279,is evaluation of expression,,,,,SZ. the value of this subfield will be a part of the name of the work
158,not mapped,630,SUBJECT ADDED ENTRY--UNIFORM TITLE (R),Nonfiling characters,*,,Thesaurus,*,,,,g,Miscellaneous information (R),,,,,,,http://rdaregistry.info/Elements/w/P10280,is review of expression,,,,,SZ. the value of this subfield will be a part of the name of the work
159,not mapped,630,SUBJECT ADDED ENTRY--UNIFORM TITLE (R),Nonfiling characters,*,,Thesaurus,*,,,,g,Miscellaneous information (R),,,,,,,http://rdaregistry.info/Elements/w/P10281,is critique of expression,,,,,SZ. the value of this subfield will be a part of the name of the work
160,not mapped,630,SUBJECT ADDED ENTRY--UNIFORM TITLE (R),Nonfiling characters,*,,Thesaurus,*,,,,g,Miscellaneous information (R),,,,,,,http://rdaregistry.info/Elements/w/P10282,is commentary on expression,,,,,SZ. the value of this subfield will be a part of the name of the work
161,not mapped,630,SUBJECT ADDED ENTRY--UNIFORM TITLE (R),Nonfiling characters,*,,Thesaurus,*,,,,f,Date of a work (NR),,,,,,,http://rdaregistry.info/Elements/w/P10100,is description of work,,,,,SZ. the value of this subfield will be a part of the name of the expression or manifestation depending on 040$e value
162,not mapped,630,SUBJECT ADDED ENTRY--UNIFORM TITLE (R),Nonfiling characters,*,,Thesaurus,*,,,,f,Date of a work (NR),,,,,,,http://rdaregistry.info/Elements/w/P10140,is analysis of work,,,,,SZ. the value of this subfield will be a part of the name of the expression or manifestation depending on 040$e value
163,not mapped,630,SUBJECT ADDED ENTRY--UNIFORM TITLE (R),Nonfiling characters,*,,Thesaurus,*,,,,f,Date of a work (NR),,,,,,,http://rdaregistry.info/Elements/w/P10153,is evaluation of work,,,,,SZ. the value of this subfield will be a part of the name of the expression or manifestation depending on 040$e value
164,not mapped,630,SUBJECT ADDED ENTRY--UNIFORM TITLE (R),Nonfiling characters,*,,Thesaurus,*,,,,f,Date of a work (NR),,,,,,,http://rdaregistry.info/Elements/w/P10178,is review of work,,,,,SZ. the value of this subfield will be a part of the name of the expression or manifestation depending on 040$e value
165,not mapped,630,SUBJECT ADDED ENTRY--UNIFORM TITLE (R),Nonfiling characters,*,,Thesaurus,*,,,,f,Date of a work (NR),,,,,,,http://rdaregistry.info/Elements/w/P10182,is critique of work,,,,,SZ. the value of this subfield will be a part of the name of the expression or manifestation depending on 040$e value
166,not mapped,630,SUBJECT ADDED ENTRY--UNIFORM TITLE (R),Nonfiling characters,*,,Thesaurus,*,,,,f,Date of a work (NR),,,,,,,http://rdaregistry.info/Elements/w/P10187,is commentary on work,,,,,SZ. the value of this subfield will be a part of the name of the expression or manifestation depending on 040$e value
167,not mapped,630,SUBJECT ADDED ENTRY--UNIFORM TITLE (R),Nonfiling characters,*,,Thesaurus,*,,,,f,Date of a work (NR),,,,,,,http://rdaregistry.info/Elements/w/P10256,has subject,,,,,SZ. the value of this subfield will be a part of the name of the expression or manifestation depending on 040$e value
168,not mapped,630,SUBJECT ADDED ENTRY--UNIFORM TITLE (R),Nonfiling characters,*,,Thesaurus,*,,,,f,Date of a work (NR),,,,,,,http://rdaregistry.info/Elements/w/P10257,has subject work,,,,,SZ. the value of this subfield will be a part of the name of the expression or manifestation depending on 040$e value
169,not mapped,630,SUBJECT ADDED ENTRY--UNIFORM TITLE (R),Nonfiling characters,*,,Thesaurus,*,,,,f,Date of a work (NR),,,,,,,http://rdaregistry.info/Elements/w/P10258,has subject expression,,,,,SZ. the value of this subfield will be a part of the name of the expression or manifestation depending on 040$e value
170,not mapped,630,SUBJECT ADDED ENTRY--UNIFORM TITLE (R),Nonfiling characters,*,,Thesaurus,*,,,,f,Date of a work (NR),,,,,,,http://rdaregistry.info/Elements/w/P10259,has subject manifestation,,,,,SZ. the value of this subfield will be a part of the name of the expression or manifestation depending on 040$e value
171,not mapped,630,SUBJECT ADDED ENTRY--UNIFORM TITLE (R),Nonfiling characters,*,,Thesaurus,*,,,,f,Date of a work (NR),,,,,,,http://rdaregistry.info/Elements/w/P10271,is description of manifestation,,,,,SZ. the value of this subfield will be a part of the name of the expression or manifestation depending on 040$e value
172,not mapped,630,SUBJECT ADDED ENTRY--UNIFORM TITLE (R),Nonfiling characters,*,,Thesaurus,*,,,,f,Date of a work (NR),,,,,,,http://rdaregistry.info/Elements/w/P10272,is analysis of manifestation,,,,,SZ. the value of this subfield will be a part of the name of the expression or manifestation depending on 040$e value
173,not mapped,630,SUBJECT ADDED ENTRY--UNIFORM TITLE (R),Nonfiling characters,*,,Thesaurus,*,,,,f,Date of a work (NR),,,,,,,http://rdaregistry.info/Elements/w/P10273,is evaluation of manifestation,,,,,SZ. the value of this subfield will be a part of the name of the expression or manifestation depending on 040$e value
174,not mapped,630,SUBJECT ADDED ENTRY--UNIFORM TITLE (R),Nonfiling characters,*,,Thesaurus,*,,,,f,Date of a work (NR),,,,,,,http://rdaregistry.info/Elements/w/P10274,is review of manifestation,,,,,SZ. the value of this subfield will be a part of the name of the expression or manifestation depending on 040$e value
175,not mapped,630,SUBJECT ADDED ENTRY--UNIFORM TITLE (R),Nonfiling characters,*,,Thesaurus,*,,,,f,Date of a work (NR),,,,,,,http://rdaregistry.info/Elements/w/P10275,is critique of manifestation,,,,,SZ. the value of this subfield will be a part of the name of the expression or manifestation depending on 040$e value
176,not mapped,630,SUBJECT ADDED ENTRY--UNIFORM TITLE (R),Nonfiling characters,*,,Thesaurus,*,,,,f,Date of a work (NR),,,,,,,http://rdaregistry.info/Elements/w/P10276,is commentary on manifestation,,,,,SZ. the value of this subfield will be a part of the name of the expression or manifestation depending on 040$e value
177,not mapped,630,SUBJECT ADDED ENTRY--UNIFORM TITLE (R),Nonfiling characters,*,,Thesaurus,*,,,,f,Date of a work (NR),,,,,,,http://rdaregistry.info/Elements/w/P10277,is description of expression,,,,,SZ. the value of this subfield will be a part of the name of the expression or manifestation depending on 040$e value
178,not mapped,630,SUBJECT ADDED ENTRY--UNIFORM TITLE (R),Nonfiling characters,*,,Thesaurus,*,,,,f,Date of a work (NR),,,,,,,http://rdaregistry.info/Elements/w/P10278,is analysis of expression,,,,,SZ. the value of this subfield will be a part of the name of the expression or manifestation depending on 040$e value
179,not mapped,630,SUBJECT ADDED ENTRY--UNIFORM TITLE (R),Nonfiling characters,*,,Thesaurus,*,,,,f,Date of a work (NR),,,,,,,http://rdaregistry.info/Elements/w/P10279,is evaluation of expression,,,,,SZ. the value of this subfield will be a part of the name of the expression or manifestation depending on 040$e value
180,not mapped,630,SUBJECT ADDED ENTRY--UNIFORM TITLE (R),Nonfiling characters,*,,Thesaurus,*,,,,f,Date of a work (NR),,,,,,,http://rdaregistry.info/Elements/w/P10280,is review of expression,,,,,SZ. the value of this subfield will be a part of the name of the expression or manifestation depending on 040$e value
181,not mapped,630,SUBJECT ADDED ENTRY--UNIFORM TITLE (R),Nonfiling characters,*,,Thesaurus,*,,,,f,Date of a work (NR),,,,,,,http://rdaregistry.info/Elements/w/P10281,is critique of expression,,,,,SZ. the value of this subfield will be a part of the name of the expression or manifestation depending on 040$e value
182,not mapped,630,SUBJECT ADDED ENTRY--UNIFORM TITLE (R),Nonfiling characters,*,,Thesaurus,*,,,,f,Date of a work (NR),,,,,,,http://rdaregistry.info/Elements/w/P10282,is commentary on expression,,,,,SZ. the value of this subfield will be a part of the name of the expression or manifestation depending on 040$e value
183,delete,630,SUBJECT ADDED ENTRY--UNIFORM TITLE (R),Nonfiling characters,*,,Thesaurus,*,,,,d,Date of treaty signing (R),,,,,,,http://rdaregistry.info/Elements/w/P10100,is description of work,,,,,SZ. the value of this subfield will be a part of the name of the work
184,delete,630,SUBJECT ADDED ENTRY--UNIFORM TITLE (R),Nonfiling characters,*,,Thesaurus,*,,,,d,Date of treaty signing (R),,,,,,,http://rdaregistry.info/Elements/w/P10140,is analysis of work,,,,,SZ. the value of this subfield will be a part of the name of the work
185,delete,630,SUBJECT ADDED ENTRY--UNIFORM TITLE (R),Nonfiling characters,*,,Thesaurus,*,,,,d,Date of treaty signing (R),,,,,,,http://rdaregistry.info/Elements/w/P10153,is evaluation of work,,,,,SZ. the value of this subfield will be a part of the name of the work
186,delete,630,SUBJECT ADDED ENTRY--UNIFORM TITLE (R),Nonfiling characters,*,,Thesaurus,*,,,,d,Date of treaty signing (R),,,,,,,http://rdaregistry.info/Elements/w/P10178,is review of work,,,,,SZ. the value of this subfield will be a part of the name of the work
187,delete,630,SUBJECT ADDED ENTRY--UNIFORM TITLE (R),Nonfiling characters,*,,Thesaurus,*,,,,d,Date of treaty signing (R),,,,,,,http://rdaregistry.info/Elements/w/P10182,is critique of work,,,,,SZ. the value of this subfield will be a part of the name of the work
188,delete,630,SUBJECT ADDED ENTRY--UNIFORM TITLE (R),Nonfiling characters,*,,Thesaurus,*,,,,d,Date of treaty signing (R),,,,,,,http://rdaregistry.info/Elements/w/P10187,is commentary on work,,,,,SZ. the value of this subfield will be a part of the name of the work
189,delete,630,SUBJECT ADDED ENTRY--UNIFORM TITLE (R),Nonfiling characters,*,,Thesaurus,*,,,,d,Date of treaty signing (R),,,,,,,http://rdaregistry.info/Elements/w/P10256,has subject,,,,,SZ. the value of this subfield will be a part of the name of the work
190,delete,630,SUBJECT ADDED ENTRY--UNIFORM TITLE (R),Nonfiling characters,*,,Thesaurus,*,,,,d,Date of treaty signing (R),,,,,,,http://rdaregistry.info/Elements/w/P10257,has subject work,,,,,SZ. the value of this subfield will be a part of the name of the work
191,delete,630,SUBJECT ADDED ENTRY--UNIFORM TITLE (R),Nonfiling characters,*,,Thesaurus,*,,,,d,Date of treaty signing (R),,,,,,,http://rdaregistry.info/Elements/w/P10258,has subject expression,,,,,SZ. the value of this subfield will be a part of the name of the work
192,delete,630,SUBJECT ADDED ENTRY--UNIFORM TITLE (R),Nonfiling characters,*,,Thesaurus,*,,,,d,Date of treaty signing (R),,,,,,,http://rdaregistry.info/Elements/w/P10259,has subject manifestation,,,,,SZ. the value of this subfield will be a part of the name of the work
193,delete,630,SUBJECT ADDED ENTRY--UNIFORM TITLE (R),Nonfiling characters,*,,Thesaurus,*,,,,d,Date of treaty signing (R),,,,,,,http://rdaregistry.info/Elements/w/P10271,is description of manifestation,,,,,SZ. the value of this subfield will be a part of the name of the work
194,delete,630,SUBJECT ADDED ENTRY--UNIFORM TITLE (R),Nonfiling characters,*,,Thesaurus,*,,,,d,Date of treaty signing (R),,,,,,,http://rdaregistry.info/Elements/w/P10272,is analysis of manifestation,,,,,SZ. the value of this subfield will be a part of the name of the work
195,delete,630,SUBJECT ADDED ENTRY--UNIFORM TITLE (R),Nonfiling characters,*,,Thesaurus,*,,,,d,Date of treaty signing (R),,,,,,,http://rdaregistry.info/Elements/w/P10273,is evaluation of manifestation,,,,,SZ. the value of this subfield will be a part of the name of the work
196,delete,630,SUBJECT ADDED ENTRY--UNIFORM TITLE (R),Nonfiling characters,*,,Thesaurus,*,,,,d,Date of treaty signing (R),,,,,,,http://rdaregistry.info/Elements/w/P10274,is review of manifestation,,,,,SZ. the value of this subfield will be a part of the name of the work
197,delete,630,SUBJECT ADDED ENTRY--UNIFORM TITLE (R),Nonfiling characters,*,,Thesaurus,*,,,,d,Date of treaty signing (R),,,,,,,http://rdaregistry.info/Elements/w/P10275,is critique of manifestation,,,,,SZ. the value of this subfield will be a part of the name of the work
198,delete,630,SUBJECT ADDED ENTRY--UNIFORM TITLE (R),Nonfiling characters,*,,Thesaurus,*,,,,d,Date of treaty signing (R),,,,,,,http://rdaregistry.info/Elements/w/P10276,is commentary on manifestation,,,,,SZ. the value of this subfield will be a part of the name of the work
199,delete,630,SUBJECT ADDED ENTRY--UNIFORM TITLE (R),Nonfiling characters,*,,Thesaurus,*,,,,d,Date of treaty signing (R),,,,,,,http://rdaregistry.info/Elements/w/P10277,is description of expression,,,,,SZ. the value of this subfield will be a part of the name of the work
200,delete,630,SUBJECT ADDED ENTRY--UNIFORM TITLE (R),Nonfiling characters,*,,Thesaurus,*,,,,d,Date of treaty signing (R),,,,,,,http://rdaregistry.info/Elements/w/P10278,is analysis of expression,,,,,SZ. the value of this subfield will be a part of the name of the work
201,delete,630,SUBJECT ADDED ENTRY--UNIFORM TITLE (R),Nonfiling characters,*,,Thesaurus,*,,,,d,Date of treaty signing (R),,,,,,,http://rdaregistry.info/Elements/w/P10279,is evaluation of expression,,,,,SZ. the value of this subfield will be a part of the name of the work
202,delete,630,SUBJECT ADDED ENTRY--UNIFORM TITLE (R),Nonfiling characters,*,,Thesaurus,*,,,,d,Date of treaty signing (R),,,,,,,http://rdaregistry.info/Elements/w/P10280,is review of expression,,,,,SZ. the value of this subfield will be a part of the name of the work
203,delete,630,SUBJECT ADDED ENTRY--UNIFORM TITLE (R),Nonfiling characters,*,,Thesaurus,*,,,,d,Date of treaty signing (R),,,,,,,http://rdaregistry.info/Elements/w/P10281,is critique of expression,,,,,SZ. the value of this subfield will be a part of the name of the work
204,delete,630,SUBJECT ADDED ENTRY--UNIFORM TITLE (R),Nonfiling characters,*,,Thesaurus,*,,,,d,Date of treaty signing (R),,,,,,,http://rdaregistry.info/Elements/w/P10282,is commentary on expression,,,,,SZ. the value of this subfield will be a part of the name of the work
205,first pass,630,SUBJECT ADDED ENTRY--UNIFORM TITLE (R),Nonfiling characters,*,,Thesaurus,*,,,,a,Uniform title (NR),,,the field does not contain $f $h $l $m $o $r $s $v $x $y $z,,Or If $4 =,http://rdaregistry.info/Elements/w/P10100,http://rdaregistry.info/Elements/w/P10100,is description of work,,,"1. ISBD Punctuation -- When LDR 18=a or i, then remove subfields and use punctuation. If LDR 18 = c, then keep subfield codes. 
2. Order of subfields -- Retain the order of subfields that exists in the MARC tag
3. 2nd indicator -- rdf:datatype -- Check decision II.K.",,"SZ. 
1. Either MARCTagCondition 1 or MARCTagCondition 2 must be true."
206,first pass,630,SUBJECT ADDED ENTRY--UNIFORM TITLE (R),Nonfiling characters,*,,Thesaurus,*,,,,a,Uniform title (NR),,,the field does not contain $f $h $l $m $o $r $s $v $x $y $z,,Or If $4 =,http://rdaregistry.info/Elements/w/P10140,http://rdaregistry.info/Elements/w/P10140,is analysis of work,,,"1. ISBD Punctuation -- When LDR 18=a or i, then remove subfields and use punctuation. If LDR 18 = c, then keep subfield codes. 
2. Order of subfields -- Retain the order of subfields that exists in the MARC tag
3. 2nd indicator -- rdf:datatype -- Check decision II.K.",,"SZ. 
1. Either MARCTagCondition 1 or MARCTagCondition 2 must be true."
207,first pass,630,SUBJECT ADDED ENTRY--UNIFORM TITLE (R),Nonfiling characters,*,,Thesaurus,*,,,,a,Uniform title (NR),,,the field does not contain $f $h $l $m $o $r $s $v $x $y $z,,Or If $4 =,http://rdaregistry.info/Elements/w/P10153,http://rdaregistry.info/Elements/w/P10153,is evaluation of work,,,"1. ISBD Punctuation -- When LDR 18=a or i, then remove subfields and use punctuation. If LDR 18 = c, then keep subfield codes. 
2. Order of subfields -- Retain the order of subfields that exists in the MARC tag
3. 2nd indicator -- rdf:datatype -- Check decision II.K.",,"SZ. 
1. Either MARCTagCondition 1 or MARCTagCondition 2 must be true."
208,first pass,630,SUBJECT ADDED ENTRY--UNIFORM TITLE (R),Nonfiling characters,*,,Thesaurus,*,,,,a,Uniform title (NR),,,the field does not contain $f $h $l $m $o $r $s $v $x $y $z,,Or If $4 =,http://rdaregistry.info/Elements/w/P10178,http://rdaregistry.info/Elements/w/P10178,is review of work,,,"1. ISBD Punctuation -- When LDR 18=a or i, then remove subfields and use punctuation. If LDR 18 = c, then keep subfield codes. 
2. Order of subfields -- Retain the order of subfields that exists in the MARC tag
3. 2nd indicator -- rdf:datatype -- Check decision II.K.",,"SZ. 
1. Either MARCTagCondition 1 or MARCTagCondition 2 must be true."
209,first pass,630,SUBJECT ADDED ENTRY--UNIFORM TITLE (R),Nonfiling characters,*,,Thesaurus,*,,,,a,Uniform title (NR),,,the field does not contain $f $h $l $m $o $r $s $v $x $y $z,,Or If $4 =,http://rdaregistry.info/Elements/w/P10182,http://rdaregistry.info/Elements/w/P10182,is critique of work,,,"1. ISBD Punctuation -- When LDR 18=a or i, then remove subfields and use punctuation. If LDR 18 = c, then keep subfield codes. 
2. Order of subfields -- Retain the order of subfields that exists in the MARC tag
3. 2nd indicator -- rdf:datatype -- Check decision II.K.",,"SZ. 
1. Either MARCTagCondition 1 or MARCTagCondition 2 must be true."
210,first pass,630,SUBJECT ADDED ENTRY--UNIFORM TITLE (R),Nonfiling characters,*,,Thesaurus,*,,,,a,Uniform title (NR),,,the field does not contain $f $h $l $m $o $r $s $v $x $y $z,,Or If $4 =,http://rdaregistry.info/Elements/w/P10187,http://rdaregistry.info/Elements/w/P10187,is commentary on work,,,"1. ISBD Punctuation -- When LDR 18=a or i, then remove subfields and use punctuation. If LDR 18 = c, then keep subfield codes. 
2. Order of subfields -- Retain the order of subfields that exists in the MARC tag
3. 2nd indicator -- rdf:datatype -- Check decision II.K.",,"SZ. 
1. Either MARCTagCondition 1 or MARCTagCondition 2 must be true."
211,first pass,630,SUBJECT ADDED ENTRY--UNIFORM TITLE (R),Nonfiling characters,*,,Thesaurus,*,,,,a,Uniform title (NR),,,The field contains one of the subfields $v $x $y $z,,Or If $4 =,http://rdaregistry.info/Elements/w/P10256,http://rdaregistry.info/Elements/w/P10256,has subject,,,,,
212,first pass,630,SUBJECT ADDED ENTRY--UNIFORM TITLE (R),Nonfiling characters,*,,Thesaurus,*,,,,a,Uniform title (NR),,,the field does not contain $f $h $l $m $o $r $s $v $x $y $z,,If there is no $4 or if there is $4 with value http://rdaregistry.info/Elements/w/P10257,,http://rdaregistry.info/Elements/w/P10257,has subject work,,,"1. ISBD Punctuation -- When LDR 18=a or i, then remove subfields and use punctuation. If LDR 18 = c, then keep subfield codes. 
2. Order of subfields -- Retain the order of subfields that exists in the MARC tag
3. 2nd indicator -- rdf:datatype -- Check decision II.K.",,
213,first pass,630,SUBJECT ADDED ENTRY--UNIFORM TITLE (R),Nonfiling characters,*,,Thesaurus,*,,,,a,Uniform title (NR),,,Please check notes column,,,,http://rdaregistry.info/Elements/w/P10258,has subject expression,,,"1. ISBD Punctuation -- When LDR 18=a or i, then remove subfields and use punctuation. If LDR 18 = c, then keep subfield codes. 
2. Order of subfields -- Retain the order of subfields that exists in the MARC tag
3. 2nd indicator -- rdf:datatype -- Check decision II.K.",,"3 conditions
1. the field contains one of the subfields $h $l $m $o $r $s 
2. If subfield $f exists and 040$e=rda 
3. If there is no $4 or if there is $4 with value http://rdaregistry.info/Elements/w/P10258"
214,first pass,630,SUBJECT ADDED ENTRY--UNIFORM TITLE (R),Nonfiling characters,*,,Thesaurus,*,,,,a,Uniform title (NR),,,If subfield $f exists and 040$e=aacr ,,If there is no $4 or if there is $4 with value http://rdaregistry.info/Elements/w/P10259,,http://rdaregistry.info/Elements/w/P10259,has subject manifestation,,,"1. ISBD Punctuation -- When LDR 18=a or i, then remove subfields and use punctuation. If LDR 18 = c, then keep subfield codes. 
2. Order of subfields -- Retain the order of subfields that exists in the MARC tag
3. 2nd indicator -- rdf:datatype -- Check decision II.K.",,
215,first pass,630,SUBJECT ADDED ENTRY--UNIFORM TITLE (R),Nonfiling characters,*,,Thesaurus,*,,,,a,Uniform title (NR),,,If subfield $f exists and 040$e=aacr ,,Or If $4 =,http://rdaregistry.info/Elements/w/P10271,http://rdaregistry.info/Elements/w/P10271,is description of manifestation,,,,,
216,first pass,630,SUBJECT ADDED ENTRY--UNIFORM TITLE (R),Nonfiling characters,*,,Thesaurus,*,,,,a,Uniform title (NR),,,If subfield $f exists and 040$e=aacr ,,Or If $4 =,http://rdaregistry.info/Elements/w/P10272,http://rdaregistry.info/Elements/w/P10272,is analysis of manifestation,,,,,
217,first pass,630,SUBJECT ADDED ENTRY--UNIFORM TITLE (R),Nonfiling characters,*,,Thesaurus,*,,,,a,Uniform title (NR),,,If subfield $f exists and 040$e=aacr ,,Or If $4 =,http://rdaregistry.info/Elements/w/P10273,http://rdaregistry.info/Elements/w/P10273,is evaluation of manifestation,,,,,
218,first pass,630,SUBJECT ADDED ENTRY--UNIFORM TITLE (R),Nonfiling characters,*,,Thesaurus,*,,,,a,Uniform title (NR),,,If subfield $f exists and 040$e=aacr ,,Or If $4 =,http://rdaregistry.info/Elements/w/P10274,http://rdaregistry.info/Elements/w/P10274,is review of manifestation,,,,,
219,first pass,630,SUBJECT ADDED ENTRY--UNIFORM TITLE (R),Nonfiling characters,*,,Thesaurus,*,,,,a,Uniform title (NR),,,If subfield $f exists and 040$e=aacr ,,Or If $4 =,http://rdaregistry.info/Elements/w/P10275,http://rdaregistry.info/Elements/w/P10275,is critique of manifestation,,,,,
220,first pass,630,SUBJECT ADDED ENTRY--UNIFORM TITLE (R),Nonfiling characters,*,,Thesaurus,*,,,,a,Uniform title (NR),,,If subfield $f exists and 040$e=aacr ,,Or If $4 =,http://rdaregistry.info/Elements/w/P10276,http://rdaregistry.info/Elements/w/P10276,is commentary on manifestation,,,,,
221,first pass,630,SUBJECT ADDED ENTRY--UNIFORM TITLE (R),Nonfiling characters,*,,Thesaurus,*,,,,a,Uniform title (NR),,,Please check notes column,,,,http://rdaregistry.info/Elements/w/P10277,is description of expression,,,"1. ISBD Punctuation -- When LDR 18=a or i, then remove subfields and use punctuation. If LDR 18 = c, then keep subfield codes. 
2. Order of subfields -- Retain the order of subfields that exists in the MARC tag
3. 2nd indicator -- rdf:datatype -- Check decision II.K.",,"3 conditions
1. the field contains one of the subfields $h $l $m $o $r $s 
2. If subfield $f exists and 040$e=rda 
3. If there is no $4 or if there is $4 with value http://rdaregistry.info/Elements/w/P10277"
222,first pass,630,SUBJECT ADDED ENTRY--UNIFORM TITLE (R),Nonfiling characters,*,,Thesaurus,*,,,,a,Uniform title (NR),,,Please check notes column,,If $4 =,http://rdaregistry.info/Elements/w/P10278,http://rdaregistry.info/Elements/w/P10278,is analysis of expression,,,"1. ISBD Punctuation -- When LDR 18=a or i, then remove subfields and use punctuation. If LDR 18 = c, then keep subfield codes. 
2. Order of subfields -- Retain the order of subfields that exists in the MARC tag
3. 2nd indicator -- rdf:datatype -- Check decision II.K.",,"3 conditions
1. the field contains one of the subfields $h $l $m $o $r $s 
2. If subfield $f exists and 040$e=rda 
3. If there is no $4 or if there is $4 with value http://rdaregistry.info/Elements/w/P10278"
223,first pass,630,SUBJECT ADDED ENTRY--UNIFORM TITLE (R),Nonfiling characters,*,,Thesaurus,*,,,,a,Uniform title (NR),,,Please check notes column,,If $4 =,http://rdaregistry.info/Elements/w/P10279,http://rdaregistry.info/Elements/w/P10279,is evaluation of expression,,,"1. ISBD Punctuation -- When LDR 18=a or i, then remove subfields and use punctuation. If LDR 18 = c, then keep subfield codes. 
2. Order of subfields -- Retain the order of subfields that exists in the MARC tag
3. 2nd indicator -- rdf:datatype -- Check decision II.K.",,"3 conditions
1. the field contains one of the subfields $h $l $m $o $r $s 
2. If subfield $f exists and 040$e=rda 
3. If there is no $4 or if there is $4 with value http://rdaregistry.info/Elements/w/P10279"
224,first pass,630,SUBJECT ADDED ENTRY--UNIFORM TITLE (R),Nonfiling characters,*,,Thesaurus,*,,,,a,Uniform title (NR),,,Please check notes column,,If $4 =,http://rdaregistry.info/Elements/w/P10280,http://rdaregistry.info/Elements/w/P10280,is review of expression,,,"1. ISBD Punctuation -- When LDR 18=a or i, then remove subfields and use punctuation. If LDR 18 = c, then keep subfield codes. 
2. Order of subfields -- Retain the order of subfields that exists in the MARC tag
3. 2nd indicator -- rdf:datatype -- Check decision II.K.",,"3 conditions
1. the field contains one of the subfields $h $l $m $o $r $s 
2. If subfield $f exists and 040$e=rda 
3. If there is no $4 or if there is $4 with value http://rdaregistry.info/Elements/w/P10280"
225,first pass,630,SUBJECT ADDED ENTRY--UNIFORM TITLE (R),Nonfiling characters,*,,Thesaurus,*,,,,a,Uniform title (NR),,,Please check notes column,,If $4 =,http://rdaregistry.info/Elements/w/P10281,http://rdaregistry.info/Elements/w/P10281,is critique of expression,,,"1. ISBD Punctuation -- When LDR 18=a or i, then remove subfields and use punctuation. If LDR 18 = c, then keep subfield codes. 
2. Order of subfields -- Retain the order of subfields that exists in the MARC tag
3. 2nd indicator -- rdf:datatype -- Check decision II.K.",,"3 conditions
1. the field contains one of the subfields $h $l $m $o $r $s 
2. If subfield $f exists and 040$e=rda 
3. If there is no $4 or if there is $4 with value http://rdaregistry.info/Elements/w/P10281"
226,first pass,630,SUBJECT ADDED ENTRY--UNIFORM TITLE (R),Nonfiling characters,*,,Thesaurus,*,,,,a,Uniform title (NR),,,Please check notes column,,If $4 =,http://rdaregistry.info/Elements/w/P10282,http://rdaregistry.info/Elements/w/P10282,is commentary on expression,,,"1. ISBD Punctuation -- When LDR 18=a or i, then remove subfields and use punctuation. If LDR 18 = c, then keep subfield codes. 
2. Order of subfields -- Retain the order of subfields that exists in the MARC tag
3. 2nd indicator -- rdf:datatype -- Check decision II.K.",,"3 conditions
1. the field contains one of the subfields $h $l $m $o $r $s 
2. If subfield $f exists and 040$e=rda 
3. If there is no $4 or if there is $4 with value http://rdaregistry.info/Elements/w/P10282"
227,,630,SUBJECT ADDED ENTRY--UNIFORM TITLE (R),Nonfiling characters,*,,Thesaurus,*,,,,,,,,,,,,http://rdaregistry.info/Elements/w/P10198,has related work of work,,,,,
228,,630,SUBJECT ADDED ENTRY--UNIFORM TITLE (R),Nonfiling characters,*,,Thesaurus,*,,,,0,Authority record control number or standard number (R),,,,,,,http://rdaregistry.info/Elements/w/P10100,is description of work,,,,,
229,,630,SUBJECT ADDED ENTRY--UNIFORM TITLE (R),Nonfiling characters,*,,Thesaurus,*,,,,0,Authority record control number or standard number (R),,,,,,,http://rdaregistry.info/Elements/w/P10140,is analysis of work,,,,,
230,,630,SUBJECT ADDED ENTRY--UNIFORM TITLE (R),Nonfiling characters,*,,Thesaurus,*,,,,0,Authority record control number or standard number (R),,,,,,,http://rdaregistry.info/Elements/w/P10153,is evaluation of work,,,,,
231,,630,SUBJECT ADDED ENTRY--UNIFORM TITLE (R),Nonfiling characters,*,,Thesaurus,*,,,,0,Authority record control number or standard number (R),,,,,,,http://rdaregistry.info/Elements/w/P10178,is review of work,,,,,
232,,630,SUBJECT ADDED ENTRY--UNIFORM TITLE (R),Nonfiling characters,*,,Thesaurus,*,,,,0,Authority record control number or standard number (R),,,,,,,http://rdaregistry.info/Elements/w/P10182,is critique of work,,,,,
233,,630,SUBJECT ADDED ENTRY--UNIFORM TITLE (R),Nonfiling characters,*,,Thesaurus,*,,,,0,Authority record control number or standard number (R),,,,,,,http://rdaregistry.info/Elements/w/P10187,is commentary on work,,,,,
234,,630,SUBJECT ADDED ENTRY--UNIFORM TITLE (R),Nonfiling characters,*,,Thesaurus,*,,,,0,Authority record control number or standard number (R),,,,,,,http://rdaregistry.info/Elements/w/P10198,has related work of work,,,,,
235,,630,SUBJECT ADDED ENTRY--UNIFORM TITLE (R),Nonfiling characters,*,,Thesaurus,*,,,,0,Authority record control number or standard number (R),,,,,,,http://rdaregistry.info/Elements/w/P10256,has subject,,,,,
236,,630,SUBJECT ADDED ENTRY--UNIFORM TITLE (R),Nonfiling characters,*,,Thesaurus,*,,,,0,Authority record control number or standard number (R),,,,,,,http://rdaregistry.info/Elements/w/P10257,has subject work,,,,,
237,,630,SUBJECT ADDED ENTRY--UNIFORM TITLE (R),Nonfiling characters,*,,Thesaurus,*,,,,0,Authority record control number or standard number (R),,,,,,,http://rdaregistry.info/Elements/w/P10258,has subject expression,,,,,
238,,630,SUBJECT ADDED ENTRY--UNIFORM TITLE (R),Nonfiling characters,*,,Thesaurus,*,,,,0,Authority record control number or standard number (R),,,,,,,http://rdaregistry.info/Elements/w/P10259,has subject manifestation,,,,,
239,,630,SUBJECT ADDED ENTRY--UNIFORM TITLE (R),Nonfiling characters,*,,Thesaurus,*,,,,0,Authority record control number or standard number (R),,,,,,,http://rdaregistry.info/Elements/w/P10271,is description of manifestation,,,,,
240,,630,SUBJECT ADDED ENTRY--UNIFORM TITLE (R),Nonfiling characters,*,,Thesaurus,*,,,,0,Authority record control number or standard number (R),,,,,,,http://rdaregistry.info/Elements/w/P10272,is analysis of manifestation,,,,,
241,,630,SUBJECT ADDED ENTRY--UNIFORM TITLE (R),Nonfiling characters,*,,Thesaurus,*,,,,0,Authority record control number or standard number (R),,,,,,,http://rdaregistry.info/Elements/w/P10273,is evaluation of manifestation,,,,,
242,,630,SUBJECT ADDED ENTRY--UNIFORM TITLE (R),Nonfiling characters,*,,Thesaurus,*,,,,0,Authority record control number or standard number (R),,,,,,,http://rdaregistry.info/Elements/w/P10274,is review of manifestation,,,,,
243,,630,SUBJECT ADDED ENTRY--UNIFORM TITLE (R),Nonfiling characters,*,,Thesaurus,*,,,,0,Authority record control number or standard number (R),,,,,,,http://rdaregistry.info/Elements/w/P10275,is critique of manifestation,,,,,
244,,630,SUBJECT ADDED ENTRY--UNIFORM TITLE (R),Nonfiling characters,*,,Thesaurus,*,,,,0,Authority record control number or standard number (R),,,,,,,http://rdaregistry.info/Elements/w/P10276,is commentary on manifestation,,,,,
245,,630,SUBJECT ADDED ENTRY--UNIFORM TITLE (R),Nonfiling characters,*,,Thesaurus,*,,,,0,Authority record control number or standard number (R),,,,,,,http://rdaregistry.info/Elements/w/P10277,is description of expression,,,,,
246,,630,SUBJECT ADDED ENTRY--UNIFORM TITLE (R),Nonfiling characters,*,,Thesaurus,*,,,,0,Authority record control number or standard number (R),,,,,,,http://rdaregistry.info/Elements/w/P10278,is analysis of expression,,,,,
247,,630,SUBJECT ADDED ENTRY--UNIFORM TITLE (R),Nonfiling characters,*,,Thesaurus,*,,,,0,Authority record control number or standard number (R),,,,,,,http://rdaregistry.info/Elements/w/P10279,is evaluation of expression,,,,,
248,,630,SUBJECT ADDED ENTRY--UNIFORM TITLE (R),Nonfiling characters,*,,Thesaurus,*,,,,0,Authority record control number or standard number (R),,,,,,,http://rdaregistry.info/Elements/w/P10280,is review of expression,,,,,
249,,630,SUBJECT ADDED ENTRY--UNIFORM TITLE (R),Nonfiling characters,*,,Thesaurus,*,,,,0,Authority record control number or standard number (R),,,,,,,http://rdaregistry.info/Elements/w/P10281,is critique of expression,,,,,
250,,630,SUBJECT ADDED ENTRY--UNIFORM TITLE (R),Nonfiling characters,*,,Thesaurus,*,,,,0,Authority record control number or standard number (R),,,,,,,http://rdaregistry.info/Elements/w/P10282,is commentary on expression,,,,,
251,,630,SUBJECT ADDED ENTRY--UNIFORM TITLE (R),Nonfiling characters,*,,Thesaurus,*,,,,1,Real World Object URI (R),,,,,,,http://rdaregistry.info/Elements/w/P10100,is description of work,,,,,
252,,630,SUBJECT ADDED ENTRY--UNIFORM TITLE (R),Nonfiling characters,*,,Thesaurus,*,,,,1,Real World Object URI (R),,,,,,,http://rdaregistry.info/Elements/w/P10140,is analysis of work,,,,,
253,,630,SUBJECT ADDED ENTRY--UNIFORM TITLE (R),Nonfiling characters,*,,Thesaurus,*,,,,1,Real World Object URI (R),,,,,,,http://rdaregistry.info/Elements/w/P10153,is evaluation of work,,,,,
254,,630,SUBJECT ADDED ENTRY--UNIFORM TITLE (R),Nonfiling characters,*,,Thesaurus,*,,,,1,Real World Object URI (R),,,,,,,http://rdaregistry.info/Elements/w/P10178,is review of work,,,,,
255,,630,SUBJECT ADDED ENTRY--UNIFORM TITLE (R),Nonfiling characters,*,,Thesaurus,*,,,,1,Real World Object URI (R),,,,,,,http://rdaregistry.info/Elements/w/P10182,is critique of work,,,,,
256,,630,SUBJECT ADDED ENTRY--UNIFORM TITLE (R),Nonfiling characters,*,,Thesaurus,*,,,,1,Real World Object URI (R),,,,,,,http://rdaregistry.info/Elements/w/P10187,is commentary on work,,,,,
257,,630,SUBJECT ADDED ENTRY--UNIFORM TITLE (R),Nonfiling characters,*,,Thesaurus,*,,,,1,Real World Object URI (R),,,,,,,http://rdaregistry.info/Elements/w/P10198,has related work of work,,,,,
258,,630,SUBJECT ADDED ENTRY--UNIFORM TITLE (R),Nonfiling characters,*,,Thesaurus,*,,,,1,Real World Object URI (R),,,,,,,http://rdaregistry.info/Elements/w/P10256,has subject,,,,,
259,,630,SUBJECT ADDED ENTRY--UNIFORM TITLE (R),Nonfiling characters,*,,Thesaurus,*,,,,1,Real World Object URI (R),,,,,,,http://rdaregistry.info/Elements/w/P10257,has subject work,,,,,
260,,630,SUBJECT ADDED ENTRY--UNIFORM TITLE (R),Nonfiling characters,*,,Thesaurus,*,,,,1,Real World Object URI (R),,,,,,,http://rdaregistry.info/Elements/w/P10258,has subject expression,,,,,
261,,630,SUBJECT ADDED ENTRY--UNIFORM TITLE (R),Nonfiling characters,*,,Thesaurus,*,,,,1,Real World Object URI (R),,,,,,,http://rdaregistry.info/Elements/w/P10259,has subject manifestation,,,,,
262,,630,SUBJECT ADDED ENTRY--UNIFORM TITLE (R),Nonfiling characters,*,,Thesaurus,*,,,,1,Real World Object URI (R),,,,,,,http://rdaregistry.info/Elements/w/P10271,is description of manifestation,,,,,
263,,630,SUBJECT ADDED ENTRY--UNIFORM TITLE (R),Nonfiling characters,*,,Thesaurus,*,,,,1,Real World Object URI (R),,,,,,,http://rdaregistry.info/Elements/w/P10272,is analysis of manifestation,,,,,
264,,630,SUBJECT ADDED ENTRY--UNIFORM TITLE (R),Nonfiling characters,*,,Thesaurus,*,,,,1,Real World Object URI (R),,,,,,,http://rdaregistry.info/Elements/w/P10273,is evaluation of manifestation,,,,,
265,,630,SUBJECT ADDED ENTRY--UNIFORM TITLE (R),Nonfiling characters,*,,Thesaurus,*,,,,1,Real World Object URI (R),,,,,,,http://rdaregistry.info/Elements/w/P10274,is review of manifestation,,,,,
266,,630,SUBJECT ADDED ENTRY--UNIFORM TITLE (R),Nonfiling characters,*,,Thesaurus,*,,,,1,Real World Object URI (R),,,,,,,http://rdaregistry.info/Elements/w/P10275,is critique of manifestation,,,,,
267,,630,SUBJECT ADDED ENTRY--UNIFORM TITLE (R),Nonfiling characters,*,,Thesaurus,*,,,,1,Real World Object URI (R),,,,,,,http://rdaregistry.info/Elements/w/P10276,is commentary on manifestation,,,,,
268,,630,SUBJECT ADDED ENTRY--UNIFORM TITLE (R),Nonfiling characters,*,,Thesaurus,*,,,,1,Real World Object URI (R),,,,,,,http://rdaregistry.info/Elements/w/P10277,is description of expression,,,,,
269,,630,SUBJECT ADDED ENTRY--UNIFORM TITLE (R),Nonfiling characters,*,,Thesaurus,*,,,,1,Real World Object URI (R),,,,,,,http://rdaregistry.info/Elements/w/P10278,is analysis of expression,,,,,
270,,630,SUBJECT ADDED ENTRY--UNIFORM TITLE (R),Nonfiling characters,*,,Thesaurus,*,,,,1,Real World Object URI (R),,,,,,,http://rdaregistry.info/Elements/w/P10279,is evaluation of expression,,,,,
271,,630,SUBJECT ADDED ENTRY--UNIFORM TITLE (R),Nonfiling characters,*,,Thesaurus,*,,,,1,Real World Object URI (R),,,,,,,http://rdaregistry.info/Elements/w/P10280,is review of expression,,,,,
272,,630,SUBJECT ADDED ENTRY--UNIFORM TITLE (R),Nonfiling characters,*,,Thesaurus,*,,,,1,Real World Object URI (R),,,,,,,http://rdaregistry.info/Elements/w/P10281,is critique of expression,,,,,
273,,630,SUBJECT ADDED ENTRY--UNIFORM TITLE (R),Nonfiling characters,*,,Thesaurus,*,,,,1,Real World Object URI (R),,,,,,,http://rdaregistry.info/Elements/w/P10282,is commentary on expression,,,,,
