,Status,MARCField,MARCFieldLabel,MARCInd1Label,MARCInd1Value,MARCInd1ValueLabel,MARCInd2Label,MARCInd2Value,MARCInd2ValueLabel,CategoryOfMaterial,CharacterPosition,CharacterPositionLabel,MARCSubfield,MARCSubfieldLabel,CodeValue,CodeValueLabel,MARCTagCondition1,Condition1Values,MARCTagCondition2,Condition2Values,MARCTagCondition3,Condition3Values,RDA Registry URI,RDA Registry Label,Recording Method,Justification for Mapping,Transformation Notes,Problems with Mapping,Notes (Uncategorized),Unnamed: 29,Unnamed: 30
0,First Pass,8.0,FIXED-LENGTH DATA ELEMENTS--GENERAL INFORMATION (NR),,,,,,,ALL MATERIALS,*,*,,,*,*,533,"at least one 533 is present in the record 
whose $a does NOT contain phrase ""also available as""","Form of item (008/23 except for formats Cartographic Materials or Vistual Materials, which uise 008/29)",o,,,"For Monographs (not Continuing Resources)
Mint an IRI for the original manifestation (originalM) to which parts of the 008 and other fields are related.  
Relate it to the same expression of the same work as the manifestation for the reproduction described by the record (reproM) is related, with this property:  http://rdaregistry.info/Elements/m/P30136 ""Has expression manifested"".
Relate originalM to reproM with property http://rdaregistry.info/Elements/m/P30043 """"is electronic reproduction of manifestation of""", is electronic reproduction of manifestation of ,IRI,"By definition, use of 533 indicates a MARC record is describing a reproduction - with exception of some early records that recorded presence of a related electronic record in the print record reproduced, using this tag.  The 533 contains descriptive elements of the reproduction, but parts of the main description such as date of creation or publication describe the original reproduced, including elements of the 008.  Use the ""electronic reproduction"" property when record has Form fixed field ""electronic"" -LA 3/3/2024","Use the same ""originalM"" URI for all of the conditional mappings for 008 and other tags. - la 3/3/2024",,"These conditions do not include all ""Provider neutral"" records that are electronic reproductions.  533 is not included for PN unless it is for ""digital master"" digitization projects like Hathi Trust.  5xx fields are permitted if the reproduction is of an institution specific copy, e.g. a rare book, only with addition of $5 institution symbol.  But ""Provider neutral"" online records that are reproductions also are specified to have original descriptive elements in most 008 bytes except for the Form of Item byte which is ""o"" (online) and in 250, 264   

Mapping for PN records (distinguishable by 040 subfield $e ""pn"") which do not contain a 533 tag needs further analysis and may not be part of this mapping..  See https://www.loc.gov/aba/pcc/scs/documents/PN-RDA-Combined.pdf . and also OCLC's  https://www.oclc.org/bibformats/en/specialcataloging.html#providerneutralcataloging .  Instructions say to describe the original in parts of 008, 250, 264 in There does not appear to be a definitive data element indicating that a PN record is for a reproduction -- provider-neutral designation may be given to an electronic resource that does not reproduce another resource.  However, see instructions for 588 note and 776 for examples of what may be consistent language.  ",,"See 533 Issue https://github.com/uwlib-cams/MARC2RDA/issues/207 and Reproductions discussion https://github.com/uwlib-cams/MARC2RDA/discussions/385 

Logic based on LC pCC PS 1.11: Facsimiles and Reproductions October 23, 2014 https://www.loc.gov/aba/pcc/documents/1-11-LC-PCC-PS.docx "
1,First Pass,8.0,FIXED-LENGTH DATA ELEMENTS--GENERAL INFORMATION (NR),,,,,,,ALL MATERIALS,*,*,,,*,*,533,"at least one 533 is present in the record 
whose $a does NOT contain phrase ""also available as""","Form of item (008/23 except for formats Cartographic Materials or Vistual Materis, which uise 008/29)","not ""o""",,,"Mint an IRI for the original manifestation (originalM) to which parts of the 008 and other fields are related.  
Relate it to the same expression of the same work as the manifestation for the reproduction described by the record (reproM) is related, with this property:  http://rdaregistry.info/Elements/m/P30136 ""Has expression manifested"".
Relate originalM to reproM with property http://rdaregistry.info/Elements/m/P30043 """"is reproduction of manifestation of""", is reproduction of manifestation of ,IRI,"By definition, use of 533 indicates a MARC record is describing a reproduction - with exception of some early records that recorded presence of a related electronic record in the print record reproduced, using this tag.  The 533 contains descriptive elements of the reproduction, but parts of the main description such as date of creation or publication describe the original reproduced, including elements of the 008.  Use ""is reproduction..."" property when Form fixed field is not ""electronic"" -LA 3/3/2024",,,,,
2,,,,,,,,,,,,,,,,,,,,,,,,,,,,,,,
3,To be added to 008 parallel mappings,8.0,FIXED-LENGTH DATA ELEMENTS--GENERAL INFORMATION (NR),,,,,,,ALL MATERIALS,00-17,,,,,,533,"Not present, or if any are present, each contains in $a the phrase ""also available as"".  ",,,,,,,,,,,,,
4,reviewed (Condition transferred),8.0,FIXED-LENGTH DATA ELEMENTS--GENERAL INFORMATION (NR),,,,,,,ALL MATERIALS,06,Type of date/Publication status,,,c,Continuing resource currently published,533,"At least one 533 is present in the record 
whose $a does NOT contain phrase ""also available as""",,,,,http://rdaregistry.info/Elements/m/P30137,has note on manifestation,unstructured,,"Apply this property to OriginalM defined above, value=  ""Continuing resource currently published.""",,,,
5,reviewed (Condition transferred),8.0,FIXED-LENGTH DATA ELEMENTS--GENERAL INFORMATION (NR),,,,,,,ALL MATERIALS,06,Type of date/Publication status,,,d,Continuing resource ceased publication,533,"At least one 533 is present in the record 
whose $a does NOT contain phrase ""also available as""",,,,,http://rdaregistry.info/Elements/m/P30137,has note on manifestation,unstructured,,"Apply this property to OriginalM URI defined above. 
value=  """"Continuing resource ceased publication.""""",,,,
6,reviewed (Condition transferred),8.0,FIXED-LENGTH DATA ELEMENTS--GENERAL INFORMATION (NR),,,,,,,ALL MATERIALS,07-10,Date 1,,,,,008 06,c,008/07-10,*,533,"At least one 533 is present in the record 
whose $a does NOT contain phrase ""also available as""",http://rdaregistry.info/Elements/m/P30278,has date of manifestation,structured,,"Apply this property to OriginalM URI defined above
[date]/.. | u=blank",,,,
7,reviewed (Condition transferred),8.0,FIXED-LENGTH DATA ELEMENTS--GENERAL INFORMATION (NR),,,,,,,ALL MATERIALS,07-10,Date 1,,,,,008 06,c,008/07-10,,533,"At least one 533 is present in the record 
whose $a does NOT contain phrase ""also available as""",http://rdaregistry.info/Elements/m/P30137,has note on manifestation,unstructured,,"Apply this property to OriginalM URI defined above
value = ""Date of publication unknown.""",,,,
8,reviewed (Condition transferred),8.0,FIXED-LENGTH DATA ELEMENTS--GENERAL INFORMATION (NR),,,,,,,ALL MATERIALS,"07-10, 11-14","Date 1, Date 2",,,,,008 06,d,008/07-10,,533,"At least one 533 is present in the record 
whose $a does NOT contain phrase ""also available as""",http://rdaregistry.info/Elements/m/P30278,has date of manifestation,structured,,"Apply this property to OriginalM URI defined above
/[date2] | u=blank",,,,
9,reviewed (Condition transferred),8.0,FIXED-LENGTH DATA ELEMENTS--GENERAL INFORMATION (NR),,,,,,,ALL MATERIALS,"07-10, 11-14","Date 1, Date 2",,,,,008 06,d,008/07-10,*,533,"At least one 533 is present in the record 
whose $a does NOT contain phrase ""also available as""",http://rdaregistry.info/Elements/m/P30278,has date of manifestation,structured,,"Apply this property to OriginalM URI defined above
[date1]/ | u=blank",,,,
10,reviewed (Condition transferred),8.0,FIXED-LENGTH DATA ELEMENTS--GENERAL INFORMATION (NR),,,,,,,ALL MATERIALS,"07-10, 11-14","Date 1, Date 2",,,,,008 06,d,008/07-10,,,"At least one 533 is present in the record 
whose $a does NOT contain phrase ""also available as""",http://rdaregistry.info/Elements/m/P30137,has note on manifestation,unstructured,,"Apply this property to OriginalM URI defined above
value = ""Ceased publication. Publication start and end dates unknown.""",,,,
11,reviewed (Condition transferred),8.0,FIXED-LENGTH DATA ELEMENTS--GENERAL INFORMATION (NR),,,,,,,ALL MATERIALS,"07-10, 11-14","Date 1, Date 2",,,,,008 06,e,008/07-10,*,,"At least one 533 is present in the record 
whose $a does NOT contain phrase ""also available as""",http://rdaregistry.info/Elements/m/P30278,has date of manifestation,structured,,"Apply this property to OriginalM URI defined above
date1 + date2 normalized yyyy-mm-dd | u=blank",,,,
12,reviewed (Condition transferred),8.0,FIXED-LENGTH DATA ELEMENTS--GENERAL INFORMATION (NR),,,,,,,ALL MATERIALS,"07-10, 11-14","Date 1, Date 2",,,,,008 06,i,008/07-10,,,"At least one 533 is present in the record 
whose $a does NOT contain phrase ""also available as""",http://rdaregistry.info/Elements/m/P30278,has date of manifestation,structured,,"Apply this property to OriginalM URI defined above
/[date] | u=blank",,,,
13,reviewed (Condition transferred),,,,,,,,,,"07-10, 11-14","Date 1, Date 2",,,,,008 06,i,008/07-10,*,,"At least one 533 is present in the record 
whose $a does NOT contain phrase ""also available as""",http://rdaregistry.info/Elements/m/P30278,has date of manifestation,structured,,"Apply this property to OriginalM URI defined above
[date]/ | u=blank",,,,
14,reviewed (Condition transferred),,,,,,,,,,"07-10, 11-14","Date 1, Date 2",,,,,008 06,i,008/07-10,,,"At least one 533 is present in the record 
whose $a does NOT contain phrase ""also available as""",http://rdaregistry.info/Elements/m/P30137,has note on manifestation,unstructured,,"Apply this property to OriginalM URI defined above
value = ""Dates of collection unknown.""",,,,
15,reviewed (Condition transferred),8.0,FIXED-LENGTH DATA ELEMENTS--GENERAL INFORMATION (NR),,,,,,,ALL MATERIALS,"07-10, 11-14","Date 1, Date 2",,,,,008 06,m,008/07-10,,,"At least one 533 is present in the record 
whose $a does NOT contain phrase ""also available as""",http://rdaregistry.info/Elements/m/P30278,has date of manifestation,structured,,"Apply this property to OriginalM URI defined above
/[date] | u=blank",,,,
16,reviewed (Condition transferred),,,,,,,,,,"07-10, 11-14","Date 1, Date 2",,,,,008 06,m,008/07-10,*,,"At least one 533 is present in the record 
whose $a does NOT contain phrase ""also available as""",http://rdaregistry.info/Elements/m/P30278,has date of manifestation,structured,,"Apply this property to OriginalM URI defined above
[date]/ | u=blank",,,,
17,reviewed (Condition transferred),,,,,,,,,,"07-10, 11-14","Date 1, Date 2",,,,,008 06,m,008/07-10,,,"At least one 533 is present in the record 
whose $a does NOT contain phrase ""also available as""",http://rdaregistry.info/Elements/m/P30137,has note on manifestation,unstructured,,"Apply this property to OriginalM URI defined above
value = ""Dates of publication unknown.""",,,,
18,reviewed (Condition transferred),8.0,FIXED-LENGTH DATA ELEMENTS--GENERAL INFORMATION (NR),,,,,,,ALL MATERIALS,07-10,Date 1,,,,,008 06,p,008/07-10,*,,"At least one 533 is present in the record 
whose $a does NOT contain phrase ""also available as""",http://rdaregistry.info/Elements/m/P30278,has date of manifestation,structured,,"Apply this property to OriginalM URI defomed abpve
[date]/.. | u=blank",,,,
19,reviewed (Condition transferred),8.0,FIXED-LENGTH DATA ELEMENTS--GENERAL INFORMATION (NR),,,,,,,,07-10,Date 1,,,,,008 06,p,008/07-10,,,"At least one 533 is present in the record 
whose $a does NOT contain phrase ""also available as""",http://rdaregistry.info/Elements/m/P30137,has note on manifestation,unstructured,,"Apply this property to OriginalM URI defined above
value = ""Date of manifestation unknown.""",,,,
20,reviewed (Condition transferred),8.0,FIXED-LENGTH DATA ELEMENTS--GENERAL INFORMATION (NR),,,,,,,ALL MATERIALS,"07-10, 11-14","Date 1, Date 2",,,,,008 06,q,008/07-10,*,,"At least one 533 is present in the record 
whose $a does NOT contain phrase ""also available as""",http://rdaregistry.info/Elements/m/P30278,has date of manifestation,structured,,"Apply this property to OriginalM URI defined above
[date1..date2] | u=blank | partial blank = fill in blanks as X",,,,
21,reviewed (Condition transferred),8.0,FIXED-LENGTH DATA ELEMENTS--GENERAL INFORMATION (NR),,,,,,,ALL MATERIALS,07-10,Date 1,,,,,008 06,s,008/07-10,*,533,"At least one 533 is present in the record 
whose $a does NOT contain phrase ""also available as""",http://rdaregistry.info/Elements/m/P30011,has date of publication,structured,,Apply this property to OriginalM URI defined above,,,,
22,reviewed (Condition transferred),8.0,FIXED-LENGTH DATA ELEMENTS--GENERAL INFORMATION (NR),,,,,,,,07-10,Date 1,,,,,008 06,s,008/07-10,,533,"At least one 533 is present in the record 
whose $a does NOT contain phrase ""also available as""",http://rdaregistry.info/Elements/m/P30137,has note on manifestation,unstructured,,"Apply this property to OriginalM URI defined above
value = ""Date of publication unknown.""",,,,
23,reviewed (Condition transferred),8.0,FIXED-LENGTH DATA ELEMENTS--GENERAL INFORMATION (NR),,,,,,,ALL MATERIALS,07-10,Date 1,,,,,008 06,t,008/07-10,*,533,"At least one 533 is present in the record 
whose $a does NOT contain phrase ""also available as""",http://rdaregistry.info/Elements/m/P30011,has date of publication,structured,,Apply this property to OriginalM URI defined above,,,,
24,reviewed (Condition transferred),8.0,FIXED-LENGTH DATA ELEMENTS--GENERAL INFORMATION (NR),,,,,,,,07-10,Date 1,,,,,008 06,t,008/07-10,,533,"At least one 533 is present in the record 
whose $a does NOT contain phrase ""also available as""",http://rdaregistry.info/Elements/m/P30137,has note on manifestation,unstructured,,"Apply this property to OriginalM URI defined above
""value = ""Date of publication unknown.""",,,,
25,reviewed (Condition transferred),8.0,FIXED-LENGTH DATA ELEMENTS--GENERAL INFORMATION (NR),,,,,,,ALL MATERIALS,07-10,Date 1,,,,,008 06,u,008/07-10,*,533,"At least one 533 is present in the record 
whose $a does NOT contain phrase ""also available as""",http://rdaregistry.info/Elements/m/P30278,has date of manifestation,structured,,"Apply this property to OriginalM URI defined above
date1/..",,,,
26,reviewed (Condition transferred),8.0,FIXED-LENGTH DATA ELEMENTS--GENERAL INFORMATION (NR),,,,,,,ALL MATERIALS,07-10,Date 1,,,,,008 06,u,008/07-10,,533,"At least one 533 is present in the record 
whose $a does NOT contain phrase ""also available as""",http://rdaregistry.info/Elements/m/P30137,has note on manifestation,unstructured,,"Apply this property to OriginalM URI defined above
value= ""Continuing resource. Start and end dates unknown.""",,,,
27,first pass (already deleted from current spreadsheet),8.0,FIXED-LENGTH DATA ELEMENTS--GENERAL INFORMATION (NR),,,,,,,ALL MATERIALS,11-14,Date 2,,,,,008 06,t,,,533,"At least one 533 is present in the record 
whose $a does NOT contain phrase ""also available as""",http://rdaregistry.info/Elements/m/P30137,has note on manifestation,structured,,"Apply this property to OriginalM URI defined above
value = ""Has copyright notice date, phonogram copyright notice date, or deposit date"" + date",,,,
28,?  delete ï¼ˆalready deleted from current spreadsheet),8.0,FIXED-LENGTH DATA ELEMENTS--GENERAL INFORMATION (NR),,,,,,,ALL MATERIALS,11-14,Date 2,,,u,Date element is totally or partially unknown,,,,,,,,,,"Included in conditions for Date 1, Date 2",,,Question to Crystal,,
29,reviewed (Condition transferred),8.0,FIXED-LENGTH DATA ELEMENTS--GENERAL INFORMATION (NR),,,,,,,ALL MATERIALS,15-17,"Place of publication, production, or execution",,,,,,,,,Check for Reproduction Conditions 1 and 2,,http://rdaregistry.info/Elements/m/P30279,has place of manifestation,IRI,,"If a Reproduction condition is present, apply mapping and transformation to OriginalM, not ReproM

Append code to http://id.loc.gov/vocabulary/countries/ for IRI value",,,,
30,,,,,,,,,,,,,,,,,,,,,,,,,,,,,,,
31,reviewed (condition transferred),8.0,FIXED-LENGTH DATA ELEMENTS--GENERAL INFORMATION (NR),,,,,,,BOOKS,23,Form of item,,,a,Microfilm,,,,,,,http://rdaregistry.info/Elements/m/P30001,has carrier type,IRI,Only narrower terms available in RDA and LOC vocabularies for carriers,https://doi.org/10.6069/uwlswd.dh5m-5y16#a,,,,
32,reviewed (condition transferred),8.0,FIXED-LENGTH DATA ELEMENTS--GENERAL INFORMATION (NR),,,,,,,BOOKS,23,Form of item,,,b,Microfiche,,,,,,,http://rdaregistry.info/Elements/m/P30001,has carrier type,IRI,,http://rdaregistry.info/termList/RDACarrierType/1022,,,,
33,reviewed (condition transferred),8.0,FIXED-LENGTH DATA ELEMENTS--GENERAL INFORMATION (NR),,,,,,,BOOKS,23,Form of item,,,c,Microopaque,,,,,,,http://rdaregistry.info/Elements/m/P30001,has carrier type,IRI,,http://rdaregistry.info/termList/RDACarrierType/1028,,,,
34,reviewed (condition transferred),8.0,FIXED-LENGTH DATA ELEMENTS--GENERAL INFORMATION (NR),,,,,,,BOOKS,23,Form of item,,,d,Large print,,,,,,,http://rdaregistry.info/Elements/m/P30199,font size,IRI,,http://rdaregistry.info/termList/fontSize/1002,,,,
35,reviewed (condition transferred),8.0,FIXED-LENGTH DATA ELEMENTS--GENERAL INFORMATION (NR),,,,,,,BOOKS,23,Form of item,,,f,Braille,,,,,,,http://rdaregistry.info/Elements/e/P20061,form of tactile notation,IRI,,http://rdaregistry.info/termList/TacNotation/1001,,,,
36,reviewed (condition transferred),8.0,FIXED-LENGTH DATA ELEMENTS--GENERAL INFORMATION (NR),,,,,,,BOOKS,23,Form of item,,,f,Braille,,,,,,,http://rdaregistry.info/Elements/m/P30001,has carrier type,IRI,,,,,,
37,reviewed (condition transferred),8.0,FIXED-LENGTH DATA ELEMENTS--GENERAL INFORMATION (NR),,,,,,,BOOKS,23,Form of item,,,g,Punched paper tape [OBSOLETE],,,,,,,http://rdaregistry.info/Elements/m/P30001,has carrier type,IRI,,https://doi.org/10.6069/uwlswd.dh5m-5y16#gx,,,,
38,reviewed (condition transferred),8.0,FIXED-LENGTH DATA ELEMENTS--GENERAL INFORMATION (NR),,,,,,,BOOKS,23,Form of item,,,h,Magnetic tape [OBSOLETE],,,,,,,http://rdaregistry.info/Elements/m/P30001,has carrier type,IRI,,http://metadataregistry.org/concept/show/id/3807.html,,,,
39,reviewed (condition transferred),8.0,FIXED-LENGTH DATA ELEMENTS--GENERAL INFORMATION (NR),,,,,,,BOOKS,23,Form of item,,,i,Multimedia [OBSOLETE],,,,,,,http://rdaregistry.info/Elements/m/P30001,has carrier type,IRI,,"value = ""Multimedia""",,,,
40,reviewed (condition transferred),8.0,FIXED-LENGTH DATA ELEMENTS--GENERAL INFORMATION (NR),,,,,,,BOOKS,23,Form of item,,,o,Online,,,,,,,http://rdaregistry.info/Elements/m/P30001,has carrier type,IRI,,http://rdaregistry.info/termList/RDACarrierType/1018,,,,
41,reviewed (condition transferred),8.0,FIXED-LENGTH DATA ELEMENTS--GENERAL INFORMATION (NR),,,,,,,BOOKS,23,Form of item,,,q,Direct electronic,,,,,,,http://rdaregistry.info/Elements/m/P30001,has carrier type,IRI,Only narrower terms available in RDA and LOC vocabularies for carriers,https://doi.org/10.6069/uwlswd.dh5m-5y16#q,,,,
42,reviewed (condition transferred),8.0,FIXED-LENGTH DATA ELEMENTS--GENERAL INFORMATION (NR),,,,,,,BOOKS,23,Form of item,,,r,Regular print reproduction,,,,,,,http://rdaregistry.info/Elements/m/P30335,has category of manifestation,IRI,,http://metadataregistry.org/concept/show/id/3804.html,,,,
43,reviewed (condition transferred),8.0,FIXED-LENGTH DATA ELEMENTS--GENERAL INFORMATION (NR),,,,,,,BOOKS,23,Form of item,,,s,Electronic,,,,,,,http://rdaregistry.info/Elements/m/P30002,has media type,IRI,,http://rdaregistry.info/termList/RDAMediaType/1003,,,,
44,reviewed (condition transferred),8.0,FIXED-LENGTH DATA ELEMENTS--GENERAL INFORMATION (NR),,,,,,,BOOKS,23,Form of item,,,z,Other form of reproduction [OBSOLETE],,,,,,,http://rdaregistry.info/Elements/m/P30001,has carrier type,IRI,,,,,,
45,,,,,,,,,,,,,,,,,,,,,,,,,,,,,,,
46,reviewed (condition transferred),8.0,FIXED-LENGTH DATA ELEMENTS--GENERAL INFORMATION (NR),,,,,,,CONTINUING RESOURCES,19,Regularity,,,n,Normalized irregular,533,"At least one 533 is present in the record 
whose $a does NOT contain phrase ""also available as""",,,,,http://rdaregistry.info/Elements/m/P30137,has note on manifestation,unstructured,,"Apply this property to OriginalM URI defined above.
""Regularity: [value].""",,see also 008/18 and  006/02,,
47,reviewed (condition transferred),8.0,FIXED-LENGTH DATA ELEMENTS--GENERAL INFORMATION (NR),,,,,,,CONTINUING RESOURCES,19,Regularity,,,r,Regular,533,"At least one 533 is present in the record 
whose $a does NOT contain phrase ""also available as""",,,,,http://rdaregistry.info/Elements/m/P30137,has note on manifestation,unstructured,,"Apply this property to OriginalM URI defined above.
""Regularity: [value].""",,see also 008/18 and  006/02,,
48,reviewed (condition transferred),8.0,FIXED-LENGTH DATA ELEMENTS--GENERAL INFORMATION (NR),,,,,,,CONTINUING RESOURCES,19,Regularity,,,x,Completely irregular,533,"At least one 533 is present in the record 
whose $a does NOT contain phrase ""also available as""",,,,,http://rdaregistry.info/Elements/m/P30137,has note on manifestation,unstructured,,"Apply this property to OriginalM URI defined above
""Regularity: [value].""",,see also 008/18 and  006/02,,
49,,,,,,,,,,,,,,,,,,,,,,,,,,,,,,,
50,reviewed (condition transferred),8.0,FIXED-LENGTH DATA ELEMENTS--GENERAL INFORMATION (NR),,,,,,,CONTINUING RESOURCES,23,Form of item,,,d,Large print,533,"at least one 533 is present in the record 
whose $a does NOT contain phrase ""also available as""",,,,,http://rdaregistry.info/Elements/m/P30199,font size,IRI,"PCC Instructions with use of 533 indicate that Form of Item should be specified for the type of reproduction (microform, online), not the original.  Encountering this value in a record with a 533 is probaly an error.  We can either throw out this mapping, marking the record as having an error, or assume that the font size applies to the original of the reproduction and map it accordingly (as indicated in the transformation notes)","Apply this property to OriginalM URI defined above
http://rdaregistry.info/termList/fontSize/1002",,"From RDA to MARC mapping: rdam:P30001 rdakit:hasM21 ""MARC 21 Bibliographic 008 /23 [identifier] (books, computer files, music, continuing resources, mixed materials)"" .",,
51,reviewed (condition transferred),8.0,FIXED-LENGTH DATA ELEMENTS--GENERAL INFORMATION (NR),,,,,,,CONTINUING RESOURCES,23,Form of item,,,f,Braille,533,"at least one 533 is present in the record 
whose $a does NOT contain phrase ""also available as""",,,,,http://rdaregistry.info/Elements/m/P30001,has carrier type,IRI,"PCC Instructions with use of 533 indicate that Form of Item should be specified for the type of reproduction (microform, online), not the original.  Encountering this value in a record with a 533 is probaly an error.  We can either throw out this mapping, marking the record as having an error, or assume that the font size applies to the original of the reproduction and map it accordingly (as indicated in the transformation notes)",Apply this property to OriginalM URI defined above,,"From RDA to MARC mapping: rdam:P30001 rdakit:hasM21 ""MARC 21 Bibliographic 008 /23 [identifier] (books, computer files, music, continuing resources, mixed materials)"" .",,
52,reviewed (condition transferred),8.0,FIXED-LENGTH DATA ELEMENTS--GENERAL INFORMATION (NR),,,,,,,CONTINUING RESOURCES,23,Form of item,,,f,Braille,533,"at least one 533 is present in the record 
whose $a does NOT contain phrase ""also available as""",,,,,http://rdaregistry.info/Elements/e/P20061,form of tactile notation,IRI,"PCC Instructions with use of 533 indicate that Form of Item should be specified for the type of reproduction (microform, online), not the original.  Encountering this value in a record with a 533 is probaly an error.  We can either throw out this mapping, marking the record as having an error, or assume that the font size applies to the original of the reproduction and map it accordingly (as indicated in the transformation notes)","Apply this property to OriginalM URI defined above
http://rdaregistry.info/termList/TacNotation/1001",,"From RDA to MARC mapping: rdam:P30001 rdakit:hasM21 ""MARC 21 Bibliographic 008 /23 [identifier] (books, computer files, music, continuing resources, mixed materials)"" .",,
53,reviewed (condition transferred),8.0,FIXED-LENGTH DATA ELEMENTS--GENERAL INFORMATION (NR),,,,,,,CONTINUING RESOURCES,23,Form of item,,,g,Punched paper tape [OBSOLETE],533,"at least one 533 is present in the record 
whose $a does NOT contain phrase ""also available as""",,,,,http://rdaregistry.info/Elements/m/P30001,has carrier type,IRI,"PCC Instructions with use of 533 indicate that Form of Item should be specified for the type of reproduction (microform, online), not the original.  Encountering this value in a record with a 533 is probaly an error.  We can either throw out this mapping, marking the record as having an error, or assume that the font size applies to the original of the reproduction and map it accordingly (as indicated in the transformation notes)","Apply this property to OriginalM URI defined above
https://doi.org/10.6069/uwlswd.dh5m-5y16#gx",,"From RDA to MARC mapping: rdam:P30001 rdakit:hasM21 ""MARC 21 Bibliographic 008 /23 [identifier] (books, computer files, music, continuing resources, mixed materials)"" .",,
54,reviewed (condition transferred),8.0,FIXED-LENGTH DATA ELEMENTS--GENERAL INFORMATION (NR),,,,,,,CONTINUING RESOURCES,23,Form of item,,,h,Magnetic tape [OBSOLETE],533,"at least one 533 is present in the record 
whose $a does NOT contain phrase ""also available as""",,,,,http://rdaregistry.info/Elements/m/P30001,has carrier type,IRI,"PCC Instructions with use of 533 indicate that Form of Item should be specified for the type of reproduction (microform, online), not the original.  Encountering this value in a record with a 533 is probaly an error.  We can either throw out this mapping, marking the record as having an error, or assume that the font size applies to the original of the reproduction and map it accordingly (as indicated in the transformation notes)","Apply this property to OriginalM URI defined above
http://marc21rdf.info/terms/commonfor%23hx",,"From RDA to MARC mapping: rdam:P30001 rdakit:hasM21 ""MARC 21 Bibliographic 008 /23 [identifier] (books, computer files, music, continuing resources, mixed materials)"" .",,
55,reviewed (condition transferred),8.0,FIXED-LENGTH DATA ELEMENTS--GENERAL INFORMATION (NR),,,,,,,CONTINUING RESOURCES,23,Form of item,,,i,Multimedia [OBSOLETE],533,"at least one 533 is present in the record 
whose $a does NOT contain phrase ""also available as""",,,,,http://rdaregistry.info/Elements/m/P30001,has carrier type,IRI,"PCC Instructions with uses of 533 indicate that the Form of Item byte should be specified for the type of reproduction (microform, online), not the original.  Encountering this value in a record with a 533 is probaly an error.  We can either throw out this mapping, marking the record as having an error, or assume that the font size applies to the original of the reproduction and map it accordingly (as indicated in the transformation notes)","Apply this property to OriginalM URI defined above
https://doi.org/10.6069/uwlswd.dh5m-5y16#ix",,"From RDA to MARC mapping: rdam:P30001 rdakit:hasM21 ""MARC 21 Bibliographic 008 /23 [identifier] (books, computer files, music, continuing resources, mixed materials)"" .",,
56,reviewed (condition transferred),8.0,FIXED-LENGTH DATA ELEMENTS--GENERAL INFORMATION (NR),,,,,,,CONTINUING RESOURCES,23,Form of item,,,q,Direct electronic,,,,,,,http://rdaregistry.info/Elements/m/P30001,has carrier type,IRI,"Only narrower terms available in RDA and LOC vocabularies for carriers (committee)
PCC Instructions with uses of 533 indicate that the Form of Item byte should be specified for the type of reproduction (microform, online), not the original.  Encountering this value in a record with a 533 is probaly an error.  We can either throw out this mapping, marking the record as having an error, or assume that the font size applies to the original of the reproduction and map it accordingly (as indicated in the transformation notes) (lake44 7/14/2024)",https://doi.org/10.6069/uwlswd.dh5m-5y16#q,,"From RDA to MARC mapping: rdam:P30001 rdakit:hasM21 ""MARC 21 Bibliographic 008 /23 [identifier] (books, computer files, music, continuing resources, mixed materials)"" .",,
57,reviewed (condition transferred),8.0,FIXED-LENGTH DATA ELEMENTS--GENERAL INFORMATION (NR),,,,,,,CONTINUING RESOURCES,23,Form of item,,,r,Regular print reproduction,533,"at least one 533 is present in the record 
whose $a does NOT contain phrase ""also available as""",,,,,http://rdaregistry.info/Elements/m/P30335,has category of manifestation,IRI,"PCC Instructions with uses of 533 indicate that the Form of Item byte should be specified for the type of reproduction (microform, online), not the original.  Instructions for serial reproductions from Original RDA are to    Encountering this value in a record with a 533 is probaly an error. We can either throw out this mapping, marking the record as having an error, or assume that the font size applies to the original of the reproduction and map it accordingly (as indicated in the transformation notes) (lake44 7/14/2024)",http://metadataregistry.org/concept/show/id/3804.html,,"From RDA to MARC mapping: rdam:P30001 rdakit:hasM21 ""MARC 21 Bibliographic 008 /23 [identifier] (books, computer files, music, continuing resources, mixed materials)"" .",,
58,reviewed (condition transferred),8.0,FIXED-LENGTH DATA ELEMENTS--GENERAL INFORMATION (NR),,,,,,,CONTINUING RESOURCES,23,Form of item,,,s,Electronic,,,,,,,http://rdaregistry.info/Elements/m/P30002,has media type,IRI,,http://rdaregistry.info/termList/RDAMediaType/1003,,"From RDA to MARC mapping: rdam:P30001 rdakit:hasM21 ""MARC 21 Bibliographic 008 /23 [identifier] (books, computer files, music, continuing resources, mixed materials)"" .",,
59,,,,,,,,,,,,,,,,,,,,,,,,,,,,,,,
60,reviewed (condition transferred),8.0,FIXED-LENGTH DATA ELEMENTS--GENERAL INFORMATION (NR),,,,,,,MAPS,25,Type of cartographic material,,,a,Single map,533,"At least one 533 is present in the record 
whose $a does NOT contain phrase ""also available as""",,,,,http://rdaregistry.info/Elements/m/P30003,has mode of issuance,IRI,,"Apply this property to OriginalM URI defined above

http://rdaregistry.info/termList/ModeIssue/1001",,"From RDA to MARC mapping: rdam:P30003 rdakit:hasM21 ""MARC 21 Bibliographic 008 /25 [identifier] (maps)"" .",,
61,reviewed (condition transferred),8.0,FIXED-LENGTH DATA ELEMENTS--GENERAL INFORMATION (NR),,,,,,,MAPS,25,Type of cartographic material,,,c,Map serial,533,"At least one 533 is present in the record 
whose $a does NOT contain phrase ""also available as""",,,,,http://rdaregistry.info/Elements/m/P30003,has mode of issuance,structured/IRI,,"Apply this property to OriginalM URI defined above

Apply this property to OriginalM URI defined above
http://rdaregistry.info/termList/ModeIssue/1005",,"From RDA to MARC mapping: rdam:P30003 rdakit:hasM21 ""MARC 21 Bibliographic 008 /25 [identifier] (maps)"" .",,
62,reviewed (condition transferred),8.0,FIXED-LENGTH DATA ELEMENTS--GENERAL INFORMATION (NR),,,,,,,MAPS,25,Type of cartographic material,,,d,Globe,533,"At least one 533 is present in the record 
whose $a does NOT contain phrase ""also available as""",,,,,http://rdaregistry.info/Elements/m/P30001,has carrier type,IRI,,"Apply this property to OriginalM URI defined above

http://rdaregistry.info/termList/RDACarrierType/1059",,"From RDA to MARC mapping: rdam:P30003 rdakit:hasM21 ""MARC 21 Bibliographic 008 /25 [identifier] (maps)"" .",,
63,,,,,,,,,,,,,,,,,,,,,,,,,,,,,,,
64,question (deleted from current spreadsheet),8.0,FIXED-LENGTH DATA ELEMENTS--GENERAL INFORMATION (NR),,,,,,,MAPS,29,Form of item,,,#,None of the following,,,,,,,http://rdaregistry.info/Elements/m/P30001,has carrier type,,,,,"From RDA to MARC mapping: rdam:P30001 rdakit:hasM21 ""MARC 21 Bibliographic 008 /29 [identifier] (maps, visual materials)"" .",,
65,question (deleted from current spreadsheet),8.0,FIXED-LENGTH DATA ELEMENTS--GENERAL INFORMATION (NR),,,,,,,MAPS,29,Form of item,,,|,No attempt to code,,,,,,,http://rdaregistry.info/Elements/m/P30001,has carrier type,,,,,"From RDA to MARC mapping: rdam:P30001 rdakit:hasM21 ""MARC 21 Bibliographic 008 /29 [identifier] (maps, visual materials)"" .",,
66,reviewed (condition transferred),8.0,FIXED-LENGTH DATA ELEMENTS--GENERAL INFORMATION (NR),,,,,,,MAPS,29,Form of item,,,a,Microfilm,,,,,,,http://rdaregistry.info/Elements/m/P30001,has carrier type,IRI,,https://doi.org/10.6069/uwlswd.dh5m-5y16#a,,"From RDA to MARC mapping: rdam:P30001 rdakit:hasM21 ""MARC 21 Bibliographic 008 /29 [identifier] (maps, visual materials)"" .",,
67,reviewed (condition transferred),8.0,FIXED-LENGTH DATA ELEMENTS--GENERAL INFORMATION (NR),,,,,,,MAPS,29,Form of item,,,b,Microfiche,,,,,,,http://rdaregistry.info/Elements/m/P30001,has carrier type,IRI,,http://rdaregistry.info/termList/RDACarrierType/1022,,"From RDA to MARC mapping: rdam:P30001 rdakit:hasM21 ""MARC 21 Bibliographic 008 /29 [identifier] (maps, visual materials)"" .",,
68,reviewed (condition transferred),8.0,FIXED-LENGTH DATA ELEMENTS--GENERAL INFORMATION (NR),,,,,,,MAPS,29,Form of item,,,c,Microopaque,,,,,,,http://rdaregistry.info/Elements/m/P30001,has carrier type,IRI,,http://rdaregistry.info/termList/RDACarrierType/1028,,"From RDA to MARC mapping: rdam:P30001 rdakit:hasM21 ""MARC 21 Bibliographic 008 /29 [identifier] (maps, visual materials)"" .",,
69,question (deleted from current spreadsheet),8.0,FIXED-LENGTH DATA ELEMENTS--GENERAL INFORMATION (NR),,,,,,,MAPS,29,Form of item,,,d,Large print,,,,,,,http://rdaregistry.info/Elements/m/P30001,has carrier type,IRI,,http://rdaregistry.info/termList/RDACarrierType/1049,,"From RDA to MARC mapping: rdam:P30001 rdakit:hasM21 ""MARC 21 Bibliographic 008 /29 [identifier] (maps, visual materials)"" .",,
70,reviewed (condition transferred),8.0,FIXED-LENGTH DATA ELEMENTS--GENERAL INFORMATION (NR),,,,,,,MAPS,29,Form of item,,,d,Large print,,,,,,,http://rdaregistry.info/Elements/m/P30199,font size,IRI,,http://rdaregistry.info/termList/fontSize/1002,,"From RDA to MARC mapping: rdam:P30001 rdakit:hasM21 ""MARC 21 Bibliographic 008 /29 [identifier] (maps, visual materials)"" .",,
71,question (deleted from current spreadsheet),8.0,FIXED-LENGTH DATA ELEMENTS--GENERAL INFORMATION (NR),,,,,,,MAPS,29,Form of item,,,f,Braille,,,,,,,http://rdaregistry.info/Elements/m/P30001,has carrier type,IRI,,,,"From RDA to MARC mapping: rdam:P30001 rdakit:hasM21 ""MARC 21 Bibliographic 008 /29 [identifier] (maps, visual materials)"" .",,
72,reviewed,8.0,FIXED-LENGTH DATA ELEMENTS--GENERAL INFORMATION (NR),,,,,,,MAPS,29,Form of item,,,f,Braille,,,,,,,http://rdaregistry.info/Elements/e/P20061,form of tactile notation,IRI,,http://rdaregistry.info/termList/TacNotation/1001,,"From RDA to MARC mapping: rdam:P30001 rdakit:hasM21 ""MARC 21 Bibliographic 008 /29 [identifier] (maps, visual materials)"" .",,
73,reviewed (condition transferred),8.0,FIXED-LENGTH DATA ELEMENTS--GENERAL INFORMATION (NR),,,,,,,MAPS,29,Form of item,,,o,Online,,,,,,,http://rdaregistry.info/Elements/m/P30001,has carrier type,IRI,,http://rdaregistry.info/termList/RDACarrierType/1018,,,,
74,reviewed (condition transferred),8.0,FIXED-LENGTH DATA ELEMENTS--GENERAL INFORMATION (NR),,,,,,,MAPS,29,Form of item,,,q,Direct electronic,,,,,,,http://rdaregistry.info/Elements/m/P30001,has carrier type,IRI,,https://doi.org/10.6069/uwlswd.dh5m-5y16#q,,"From RDA to MARC mapping: rdam:P30001 rdakit:hasM21 ""MARC 21 Bibliographic 008 /29 [identifier] (maps, visual materials)"" .",,
75,reviewed (condition transferred),8.0,FIXED-LENGTH DATA ELEMENTS--GENERAL INFORMATION (NR),,,,,,,MAPS,29,Form of item,,,r,Regular print reproduction,,,,,,,http://rdaregistry.info/Elements/m/P30335,has category of manifestation,IRI,,http://metadataregistry.org/concept/show/id/3804.html,,"From RDA to MARC mapping: rdam:P30001 rdakit:hasM21 ""MARC 21 Bibliographic 008 /29 [identifier] (maps, visual materials)"" .",,
76,reviewed (condition transferred),8.0,FIXED-LENGTH DATA ELEMENTS--GENERAL INFORMATION (NR),,,,,,,MAPS,29,Form of item,,,s,Electronic,,,,,,,http://rdaregistry.info/Elements/m/P30002,has media type,IRI,,http://rdaregistry.info/termList/RDAMediaType/1003,,"From RDA to MARC mapping: rdam:P30001 rdakit:hasM21 ""MARC 21 Bibliographic 008 /29 [identifier] (maps, visual materials)"" .",,
77,,,,,,,,,,,,,,,,,,,,,,,,,,,,,,,
78,reviewed (condition transferred),8.0,FIXED-LENGTH DATA ELEMENTS--GENERAL INFORMATION (NR),,,,,,,MAPS,33-34,Special format characteristics,,,a,"Photocopy, blue line print [OBSOLETE]",533,"At least one 533 is present in the record 
whose $a does NOT contain phrase ""also available as""",,,,,http://rdaregistry.info/Elements/m/P30187,has production method,IRI,,"Apply this property to OriginalM URI defined above

http://rdaregistry.info/termList/RDAproductionMethod/1001",,,,
79,reviewed (condition transferred),8.0,FIXED-LENGTH DATA ELEMENTS--GENERAL INFORMATION (NR),,,,,,,MAPS,33-34,Special format characteristics,,,b,Photocopy [OBSOLETE],533,"At least one 533 is present in the record 
whose $a does NOT contain phrase ""also available as""",,,,,http://rdaregistry.info/Elements/m/P30187,has production method,IRI,,"Apply this property to OriginalM URI defined above

http://rdaregistry.info/termList/RDAproductionMethod/1008",,"From RDA to MARC mapping: rdam:P30001 rdakit:hasM21 ""MARC 21 Bibliographic 008 /33-34 [identifier] (maps)"" .",,
80,reviewed (condition transferred),8.0,FIXED-LENGTH DATA ELEMENTS--GENERAL INFORMATION (NR),,,,,,,MAPS,33-34,Special format characteristics,,,c,Negative photocopy [OBSOLETE],533,"At least one 533 is present in the record 
whose $a does NOT contain phrase ""also available as""",,,,,http://rdaregistry.info/Elements/m/P30187,has production method,IRI,,"Apply this property to OriginalM URI defined above

http://metadataregistry.org/concept/show/id/4376.html",,,,
81,reviewed (condition transferred),8.0,FIXED-LENGTH DATA ELEMENTS--GENERAL INFORMATION (NR),,,,,,,MAPS,33-34,Special format characteristics,,,d,Film negative [OBSOLETE],533,"At least one 533 is present in the record 
whose $a does NOT contain phrase ""also available as""",,,,,http://rdaregistry.info/Elements/m/P30335,has category of manifestation,IRI,,"Apply this property to OriginalM URI defined above

http://metadataregistry.org/concept/show/id/4376.html",,,,
82,reviewed (condition transferred),8.0,FIXED-LENGTH DATA ELEMENTS--GENERAL INFORMATION (NR),,,,,,,MAPS,33-34,Special format characteristics,,,e,Manuscript,533,"At least one 533 is present in the record 
whose $a does NOT contain phrase ""also available as""",,,,,http://rdaregistry.info/Elements/m/P30187,has production method,unstructured,,"Apply this property to OriginalM URI defined above

manuscript",,,,
83,reviewed (condition transferred),8.0,FIXED-LENGTH DATA ELEMENTS--GENERAL INFORMATION (NR),,,,,,,MAPS,33-34,Special format characteristics,,,f,Facsimile [OBSOLETE],533,"At least one 533 is present in the record 
whose $a does NOT contain phrase ""also available as""",,,,,http://rdaregistry.info/Elements/m/P30335,has category of manifestation,,,"Apply this property to OriginalM URI defined above

http://metadataregistry.org/concept/show/id/4379.html",,,,
84,reviewed (condition transferred),8.0,FIXED-LENGTH DATA ELEMENTS--GENERAL INFORMATION (NR),,,,,,,MAPS,33-34,Special format characteristics,,,g,Relief model [OBSOLETE],533,"At least one 533 is present in the record 
whose $a does NOT contain phrase ""also available as""",,,,,http://rdaregistry.info/Elements/m/P30001,has carrier type,STRUCTURED/IRI,,"Apply this property to OriginalM URI defined above

http://rdaregistry.info/termList/RDACarrierType/1059",,"From RDA to MARC mapping: rdam:P30001 rdakit:hasM21 ""MARC 21 Bibliographic 008 /33-34 [identifier] (maps)"" .",,
85,reviewed (condition transferred),8.0,FIXED-LENGTH DATA ELEMENTS--GENERAL INFORMATION (NR),,,,,,,MAPS,33-34,Special format characteristics,,,j,"Picture card, post card",533,"At least one 533 is present in the record 
whose $a does NOT contain phrase ""also available as""",,,,,http://rdaregistry.info/Elements/m/P30001,has carrier type,IRI,,"Apply this property to OriginalM URI defined above

http://rdaregistry.info/termList/RDACarrierType/1045",,"From RDA to MARC mapping: rdam:P30001 rdakit:hasM21 ""MARC 21 Bibliographic 008 /33-34 [identifier] (maps)"" .",,
86,reviewed (condition transferred),8.0,FIXED-LENGTH DATA ELEMENTS--GENERAL INFORMATION (NR),,,,,,,MAPS,33-34,Special format characteristics,,,j,"Picture card, post card",533,"At least one 533 is present in the record 
whose $a does NOT contain phrase ""also available as""",,,,,http://rdaregistry.info/Elements/m/P30335,has category of manifestation,IRI,,"Apply this property to OriginalM URI defined above

http://metadataregistry.org/concept/show/id/4382.html",,,,
87,reviewed (condition transferred),8.0,FIXED-LENGTH DATA ELEMENTS--GENERAL INFORMATION (NR),,,,,,,MAPS,33-34,Special format characteristics,,,j,"Picture card, post card",533,"At least one 533 is present in the record 
whose $a does NOT contain phrase ""also available as""",,,,,http://rdaregistry.info/Elements/e/P20001,has content type,IRI,,"Apply this property to OriginalM URI defined above

http://rdaregistry.info/termList/RDAContentType/1002",,,,
88,reviewed (condition transferred),8.0,FIXED-LENGTH DATA ELEMENTS--GENERAL INFORMATION (NR),,,,,,,MAPS,33-34,Special format characteristics,,,l,Puzzle,533,"At least one 533 is present in the record 
whose $a does NOT contain phrase ""also available as""",,,,,http://rdaregistry.info/Elements/m/P30335,has category of manifestation,IRI,,"Apply this property to OriginalM URI defined above

http://marc21rdf.info/terms/mapspe%23l",,,,
89,reviewed (condition transferred),8.0,FIXED-LENGTH DATA ELEMENTS--GENERAL INFORMATION (NR),,,,,,,MAPS,33-34,Special format characteristics,,,n,Game,533,"At least one 533 is present in the record 
whose $a does NOT contain phrase ""also available as""",,,,,http://rdaregistry.info/Elements/m/P30335,has category of manifestation,IRI,,"Apply this property to OriginalM URI defined above

http://metadataregistry.org/concept/show/id/4386.html",,,,
90,reviewed (condition transferred),8.0,FIXED-LENGTH DATA ELEMENTS--GENERAL INFORMATION (NR),,,,,,,MAPS,33-34,Special format characteristics,,,o,Wall map,533,"At least one 533 is present in the record 
whose $a does NOT contain phrase ""also available as""",,,,,http://rdaregistry.info/Elements/m/P30335,has category of manifestation,IRI,,"Apply this property to OriginalM URI defined above

http://marc21rdf.info/terms/mapspe%23o",,"From RDA to MARC mapping: rdam:P30001 rdakit:hasM21 ""MARC 21 Bibliographic 008 /33-34 [identifier] (maps)"" .",,
91,reviewed (condition transferred),8.0,FIXED-LENGTH DATA ELEMENTS--GENERAL INFORMATION (NR),,,,,,,MAPS,33-34,Special format characteristics,,,p,Playing cards,533,"At least one 533 is present in the record 
whose $a does NOT contain phrase ""also available as""",,,,,http://rdaregistry.info/Elements/m/P30335,has category of manifestation,IRI,,"Apply this property to OriginalM URI defined above

http://marc21rdf.info/terms/mapspe%23p",,"From RDA to MARC mapping: rdam:P30001 rdakit:hasM21 ""MARC 21 Bibliographic 008 /33-34 [identifier] (maps)"" .",,
92,reviewed (condition transferred),8.0,FIXED-LENGTH DATA ELEMENTS--GENERAL INFORMATION (NR),,,,,,,MAPS,33-34,Special format characteristics,,,q,Large print [OBSOLETE],533,"At least one 533 is present in the record 
whose $a does NOT contain phrase ""also available as""",,,,,http://rdaregistry.info/Elements/m/P30199,has font size,IRI,,"Apply this property to OriginalM URI defined above

http://rdaregistry.info/termList/fontSize/1002",,,,
93,reviewed (condition transferred),8.0,FIXED-LENGTH DATA ELEMENTS--GENERAL INFORMATION (NR),,,,,,,MAPS,33-34,Special format characteristics,,,r,Loose-leaf,533,"At least one 533 is present in the record 
whose $a does NOT contain phrase ""also available as""",,,,,http://rdaregistry.info/Elements/m/P30335,has category of manifestation,IRI,,"Apply this property to OriginalM URI defined above

http://marc21rdf.info/terms/mapspe%23r",,"From RDA to MARC mapping: rdam:P30001 rdakit:hasM21 ""MARC 21 Bibliographic 008 /33-34 [identifier] (maps)"" .",,
94,,,,,,,,,,,,,,,,,,,,,,,,,,,,,,,
95,reviewed (condition transferred),8.0,FIXED-LENGTH DATA ELEMENTS--GENERAL INFORMATION (NR),,,,,,,MIXED MATERIALS,23,Form of item,,,a,Microfilm,,,,,,,http://rdaregistry.info/Elements/m/P30001,has carrier type,IRI,Only narrower terms available in RDA and LOC vocabularies for carriers,https://doi.org/10.6069/uwlswd.dh5m-5y16#a,,"From RDA to MARC mapping: rdam:P30001 rdakit:hasM21 ""MARC 21 Bibliographic 008 /23 [identifier] (books, computer files, music, continuing resources, mixed materials)"" .",,
96,reviewed (condition transferred),8.0,FIXED-LENGTH DATA ELEMENTS--GENERAL INFORMATION (NR),,,,,,,MIXED MATERIALS,23,Form of item,,,b,Microfiche,,,,,,,http://rdaregistry.info/Elements/m/P30001,has carrier type,IRI,,http://rdaregistry.info/termList/RDACarrierType/1022,,"From RDA to MARC mapping: rdam:P30001 rdakit:hasM21 ""MARC 21 Bibliographic 008 /23 [identifier] (books, computer files, music, continuing resources, mixed materials)"" .",,
97,reviewed (condition transferred),8.0,FIXED-LENGTH DATA ELEMENTS--GENERAL INFORMATION (NR),,,,,,,MIXED MATERIALS,23,Form of item,,,c,Microopaque,,,,,,,http://rdaregistry.info/Elements/m/P30001,has carrier type,IRI,,http://rdaregistry.info/termList/RDACarrierType/1028,,"From RDA to MARC mapping: rdam:P30001 rdakit:hasM21 ""MARC 21 Bibliographic 008 /23 [identifier] (books, computer files, music, continuing resources, mixed materials)"" .",,
98,question (deleted from current spreadsheet),8.0,FIXED-LENGTH DATA ELEMENTS--GENERAL INFORMATION (NR),,,,,,,MIXED MATERIALS,23,Form of item,,,d,Large print,,,,,,,http://rdaregistry.info/Elements/m/P30001,has carrier type,IRI,,http://rdaregistry.info/termList/RDACarrierType/1049,,"From RDA to MARC mapping: rdam:P30001 rdakit:hasM21 ""MARC 21 Bibliographic 008 /23 [identifier] (books, computer files, music, continuing resources, mixed materials)"" .",,
99,reviewed (condition transferred),8.0,FIXED-LENGTH DATA ELEMENTS--GENERAL INFORMATION (NR),,,,,,,MIXED MATERIALS,23,Form of item,,,d,Large print,,,,,,,http://rdaregistry.info/Elements/m/P30199,font size,IRI,,http://rdaregistry.info/termList/fontSize/1002,,,,
100,question (deleted from current spreadsheet),8.0,FIXED-LENGTH DATA ELEMENTS--GENERAL INFORMATION (NR),,,,,,,MIXED MATERIALS,23,Form of item,,,f,Braille,,,,,,,http://rdaregistry.info/Elements/m/P30001,has carrier type,IRI,,,,"From RDA to MARC mapping: rdam:P30001 rdakit:hasM21 ""MARC 21 Bibliographic 008 /23 [identifier] (books, computer files, music, continuing resources, mixed materials)"" .",,
101,reviewed (condition transferred),8.0,FIXED-LENGTH DATA ELEMENTS--GENERAL INFORMATION (NR),,,,,,,MIXED MATERIALS,23,Form of item,,,f,Braille,,,,,,,http://rdaregistry.info/Elements/e/P20061,form of tactile notation,IRI,,http://rdaregistry.info/termList/TacNotation/1001,,"From RDA to MARC mapping: rdam:P30001 rdakit:hasM21 ""MARC 21 Bibliographic 008 /23 [identifier] (books, computer files, music, continuing resources, mixed materials)"" .",,
102,reviewed (condition transferred),8.0,FIXED-LENGTH DATA ELEMENTS--GENERAL INFORMATION (NR),,,,,,,MIXED MATERIALS,23,Form of item,,,g,Punched paper tape [OBSOLETE],,,,,,,http://rdaregistry.info/Elements/m/P30001,has carrier type,IRI,,,,"From RDA to MARC mapping: rdam:P30001 rdakit:hasM21 ""MARC 21 Bibliographic 008 /23 [identifier] (books, computer files, music, continuing resources, mixed materials)"" .",,
103,reviewed (condition transferred),8.0,FIXED-LENGTH DATA ELEMENTS--GENERAL INFORMATION (NR),,,,,,,MIXED MATERIALS,23,Form of item,,,g,Punched paper tape [OBSOLETE],,,,,,,http://rdaregistry.info/Elements/m/P30001,has carrier type,IRI,,https://doi.org/10.6069/uwlswd.dh5m-5y16#gx,,,,
104,reviewed (condition transferred),8.0,FIXED-LENGTH DATA ELEMENTS--GENERAL INFORMATION (NR),,,,,,,MIXED MATERIALS,23,Form of item,,,h,Magnetic tape [OBSOLETE],,,,,,,http://rdaregistry.info/Elements/m/P30001,has carrier type,IRI,,http://metadataregistry.org/concept/show/id/3807.html,,"From RDA to MARC mapping: rdam:P30001 rdakit:hasM21 ""MARC 21 Bibliographic 008 /23 [identifier] (books, computer files, music, continuing resources, mixed materials)"" .",,
105,question (deleted from current spreadsheet),8.0,FIXED-LENGTH DATA ELEMENTS--GENERAL INFORMATION (NR),,,,,,,MIXED MATERIALS,23,Form of item,,,i,Multimedia [OBSOLETE],,,,,,,http://rdaregistry.info/Elements/m/P30001,has carrier type,IRI,,https://doi.org/10.6069/uwlswd.dh5m-5y16#ix,,"From RDA to MARC mapping: rdam:P30001 rdakit:hasM21 ""MARC 21 Bibliographic 008 /23 [identifier] (books, computer files, music, continuing resources, mixed materials)"" .",,
106,reviewed (condition transferred),8.0,FIXED-LENGTH DATA ELEMENTS--GENERAL INFORMATION (NR),,,,,,,MIXED MATERIALS,23,Form of item,,,i,Multimedia [OBSOLETE],,,,,,,http://rdaregistry.info/Elements/e/P20001,has content type,IRI,,https://doi.org/10.6069/uwlswd.dh5m-5y16#ix,,"From RDA to MARC mapping: rdam:P30001 rdakit:hasM21 ""MARC 21 Bibliographic 008 /23 [identifier] (books, computer files, music, continuing resources, mixed materials)"" .",,
107,reviewed (condition transferred),8.0,FIXED-LENGTH DATA ELEMENTS--GENERAL INFORMATION (NR),,,,,,,MIXED MATERIALS,23,Form of item,,,i,Multimedia [OBSOLETE],,,,,,,http://rdaregistry.info/Elements/m/P30002,has media type,IRI,,https://doi.org/10.6069/uwlswd.dh5m-5y16#ix,,"From RDA to MARC mapping: rdam:P30001 rdakit:hasM21 ""MARC 21 Bibliographic 008 /23 [identifier] (books, computer files, music, continuing resources, mixed materials)"" .",,
108,question (deleted from current spreadsheet),8.0,FIXED-LENGTH DATA ELEMENTS--GENERAL INFORMATION (NR),,,,,,,MIXED MATERIALS,23,Form of item,,,j,Handwritten transcript [OBSOLETE],,,,,,,http://rdaregistry.info/Elements/m/P30335,has category of manifestation,IRI,,https://doi.org/10.6069/uwlswd.dh5m-5y16#jx,,"From RDA to MARC mapping: rdam:P30001 rdakit:hasM21 ""MARC 21 Bibliographic 008 /23 [identifier] (books, computer files, music, continuing resources, mixed materials)"" .",,
109,reviewed (condition transferred),8.0,FIXED-LENGTH DATA ELEMENTS--GENERAL INFORMATION (NR),,,,,,,MIXED MATERIALS,23,Form of item,,,j,Handwritten transcript [OBSOLETE],,,,,,,http://rdaregistry.info/Elements/m/P30187,has production method,IRI,,https://doi.org/10.6069/uwlswd.dh5m-5y16#jx,,"From RDA to MARC mapping: rdam:P30001 rdakit:hasM21 ""MARC 21 Bibliographic 008 /23 [identifier] (books, computer files, music, continuing resources, mixed materials)"" .",,
110,reviewed (condition transferred),8.0,FIXED-LENGTH DATA ELEMENTS--GENERAL INFORMATION (NR),,,,,,,MIXED MATERIALS,23,Form of item,,,o,Online,,,,,,,http://rdaregistry.info/Elements/m/P30001,has carrier type,IRI,,http://rdaregistry.info/termList/RDACarrierType/1018,,"From RDA to MARC mapping: rdam:P30001 rdakit:hasM21 ""MARC 21 Bibliographic 008 /23 [identifier] (books, computer files, music, continuing resources, mixed materials)"" .",,
111,question (deleted from current spreadsheet),8.0,FIXED-LENGTH DATA ELEMENTS--GENERAL INFORMATION (NR),,,,,,,MIXED MATERIALS,23,Form of item,,,p,Photocopy [OBSOLETE],,,,,,,http://rdaregistry.info/Elements/m/P30001,has carrier type,IRI,,https://doi.org/10.6069/uwlswd.dh5m-5y16#px,,"From RDA to MARC mapping: rdam:P30001 rdakit:hasM21 ""MARC 21 Bibliographic 008 /23 [identifier] (books, computer files, music, continuing resources, mixed materials)"" .",,
112,reviewed (condition transferred),8.0,FIXED-LENGTH DATA ELEMENTS--GENERAL INFORMATION (NR),,,,,,,MIXED MATERIALS,23,Form of item,,,p,Photocopy [OBSOLETE],,,,,,,http://rdaregistry.info/Elements/m/P30187,has production method,IRI,,https://doi.org/10.6069/uwlswd.dh5m-5y16#px,,"From RDA to MARC mapping: rdam:P30001 rdakit:hasM21 ""MARC 21 Bibliographic 008 /23 [identifier] (books, computer files, music, continuing resources, mixed materials)"" .",,
113,reviewed (condition transferred),8.0,FIXED-LENGTH DATA ELEMENTS--GENERAL INFORMATION (NR),,,,,,,MIXED MATERIALS,23,Form of item,,,q,Direct electronic,,,,,,,http://rdaregistry.info/Elements/m/P30001,has carrier type,IRI,,https://doi.org/10.6069/uwlswd.dh5m-5y16#q,,"From RDA to MARC mapping: rdam:P30001 rdakit:hasM21 ""MARC 21 Bibliographic 008 /23 [identifier] (books, computer files, music, continuing resources, mixed materials)"" .",,
114,reviewed (condition transferred),8.0,FIXED-LENGTH DATA ELEMENTS--GENERAL INFORMATION (NR),,,,,,,MIXED MATERIALS,23,Form of item,,,r,Regular print reproduction,,,,,,,http://rdaregistry.info/Elements/m/P30335,has category of manifestation,IRI,,https://doi.org/10.6069/uwlswd.dh5m-5y16#r,,"From RDA to MARC mapping: rdam:P30001 rdakit:hasM21 ""MARC 21 Bibliographic 008 /23 [identifier] (books, computer files, music, continuing resources, mixed materials)"" .",,
115,reviewed (condition transferred),8.0,FIXED-LENGTH DATA ELEMENTS--GENERAL INFORMATION (NR),,,,,,,MIXED MATERIALS,23,Form of item,,,s,Electronic,,,,,,,http://rdaregistry.info/Elements/m/P30002,has media type,IRI,,http://rdaregistry.info/termList/RDAMediaType/1003,,"From RDA to MARC mapping: rdam:P30001 rdakit:hasM21 ""MARC 21 Bibliographic 008 /23 [identifier] (books, computer files, music, continuing resources, mixed materials)"" .",,
116,reviewed (condition transferred),8.0,FIXED-LENGTH DATA ELEMENTS--GENERAL INFORMATION (NR),,,,,,,MIXED MATERIALS,23,Form of item,,,t,Typewritten transcript [OBSOLETE],,,,,,,http://rdaregistry.info/Elements/m/P30187,has production method,IRI,,https://doi.org/10.6069/uwlswd.dh5m-5y16#tx,,,,
117,reviewed (condition transferred),8.0,FIXED-LENGTH DATA ELEMENTS--GENERAL INFORMATION (NR),,,,,,,MIXED MATERIALS,23,Form of item,,,z,Other form of reproduction [OBSOLETE],,,,,,,http://rdaregistry.info/Elements/m/P30335,has category of manifestation,IRI,,https://doi.org/10.6069/uwlswd.dh5m-5y16#zx,,"From RDA to MARC mapping: rdam:P30001 rdakit:hasM21 ""MARC 21 Bibliographic 008 /23 [identifier] (books, computer files, music, continuing resources, mixed materials)"" .",,
118,,,,,,,,,,,,,,,,,,,,,,,,,,,,,,,
119,reviewed (condition transferred),8.0,FIXED-LENGTH DATA ELEMENTS--GENERAL INFORMATION (NR),,,,,,,MUSIC,23,Form of item,,,a,Microfilm,,,,,,,http://rdaregistry.info/Elements/m/P30001,has carrier type,IRI,Only narrower terms available in RDA and LOC vocabularies for carriers,https://doi.org/10.6069/uwlswd.dh5m-5y16#a,,"From RDA to MARC mapping: rdam:P30001 rdakit:hasM21 ""MARC 21 Bibliographic 008 /23 [identifier] (books, computer files, music, continuing resources, mixed materials)"" .",,
120,reviewed (condition transferred),8.0,FIXED-LENGTH DATA ELEMENTS--GENERAL INFORMATION (NR),,,,,,,MUSIC,23,Form of item,,,b,Microfiche,,,,,,,http://rdaregistry.info/Elements/m/P30001,has carrier type,IRI,,http://rdaregistry.info/termList/RDACarrierType/1022,,"From RDA to MARC mapping: rdam:P30001 rdakit:hasM21 ""MARC 21 Bibliographic 008 /23 [identifier] (books, computer files, music, continuing resources, mixed materials)"" .",,
121,reviewed (condition transferred),8.0,FIXED-LENGTH DATA ELEMENTS--GENERAL INFORMATION (NR),,,,,,,MUSIC,23,Form of item,,,c,Microopaque,,,,,,,http://rdaregistry.info/Elements/m/P30001,has carrier type,IRI,,http://rdaregistry.info/termList/RDACarrierType/1028,,"From RDA to MARC mapping: rdam:P30001 rdakit:hasM21 ""MARC 21 Bibliographic 008 /23 [identifier] (books, computer files, music, continuing resources, mixed materials)"" .",,
122,reviewed (condition transferred),8.0,FIXED-LENGTH DATA ELEMENTS--GENERAL INFORMATION (NR),,,,,,,MUSIC,23,Form of item,,,d,Large print,,,,,,,http://rdaregistry.info/Elements/m/P30001,has carrier type,IRI,,http://rdaregistry.info/termList/RDACarrierType/1049,,"From RDA to MARC mapping: rdam:P30001 rdakit:hasM21 ""MARC 21 Bibliographic 008 /23 [identifier] (books, computer files, music, continuing resources, mixed materials)"" .",,
123,reviewed (condition transferred),8.0,FIXED-LENGTH DATA ELEMENTS--GENERAL INFORMATION (NR),,,,,,,MUSIC,23,Form of item,,,d,Large print,,,,,,,http://rdaregistry.info/Elements/m/P30199,font size,IRI,,http://rdaregistry.info/termList/fontSize/1002,,"From RDA to MARC mapping: rdam:P30001 rdakit:hasM21 ""MARC 21 Bibliographic 008 /23 [identifier] (books, computer files, music, continuing resources, mixed materials)"" .",,
124,question (deleted from current spreadsheet),8.0,FIXED-LENGTH DATA ELEMENTS--GENERAL INFORMATION (NR),,,,,,,MUSIC,23,Form of item,,,f,Braille,,,,,,,http://rdaregistry.info/Elements/m/P30001,has carrier type,IRI,,,,"From RDA to MARC mapping: rdam:P30001 rdakit:hasM21 ""MARC 21 Bibliographic 008 /23 [identifier] (books, computer files, music, continuing resources, mixed materials)"" .",,
125,reviewed (condition transferred),8.0,FIXED-LENGTH DATA ELEMENTS--GENERAL INFORMATION (NR),,,,,,,MUSIC,23,Form of item,,,f,Braille,,,,,,,http://rdaregistry.info/Elements/e/P20061,form of tactile notation,IRI,,http://rdaregistry.info/termList/TacNotation/1001,,"From RDA to MARC mapping: rdam:P30001 rdakit:hasM21 ""MARC 21 Bibliographic 008 /23 [identifier] (books, computer files, music, continuing resources, mixed materials)"" .",,
126,question (deleted from current spreadsheet),8.0,FIXED-LENGTH DATA ELEMENTS--GENERAL INFORMATION (NR),,,,,,,MUSIC,23,Form of item,,,g,Punched paper tape [OBSOLETE],,,,,,,http://rdaregistry.info/Elements/m/P30001,has carrier type,IRI,,,,"From RDA to MARC mapping: rdam:P30001 rdakit:hasM21 ""MARC 21 Bibliographic 008 /23 [identifier] (books, computer files, music, continuing resources, mixed materials)"" .",,
127,reviewed (condition transferred),8.0,FIXED-LENGTH DATA ELEMENTS--GENERAL INFORMATION (NR),,,,,,,MUSIC,23,Form of item,,,g,Punched paper tape [OBSOLETE],,,,,,,http://rdaregistry.info/Elements/m/P30001,has carrier type,IRI,,https://doi.org/10.6069/uwlswd.dh5m-5y16#gx,,"From RDA to MARC mapping: rdam:P30001 rdakit:hasM21 ""MARC 21 Bibliographic 008 /23 [identifier] (books, computer files, music, continuing resources, mixed materials)"" .",,
128,reviewed (condition transferred),8.0,FIXED-LENGTH DATA ELEMENTS--GENERAL INFORMATION (NR),,,,,,,MUSIC,23,Form of item,,,h,Magnetic tape [OBSOLETE],,,,,,,http://rdaregistry.info/Elements/m/P30001,has carrier type,IRI,,https://doi.org/10.6069/uwlswd.dh5m-5y16#hx,,"From RDA to MARC mapping: rdam:P30001 rdakit:hasM21 ""MARC 21 Bibliographic 008 /23 [identifier] (books, computer files, music, continuing resources, mixed materials)"" .",,
129,question (deleted from current spreadsheet),8.0,FIXED-LENGTH DATA ELEMENTS--GENERAL INFORMATION (NR),,,,,,,MUSIC,23,Form of item,,,i,Multimedia [OBSOLETE],,,,,,,http://rdaregistry.info/Elements/m/P30001,has carrier type,IRI,,https://doi.org/10.6069/uwlswd.dh5m-5y16#ix,,"From RDA to MARC mapping: rdam:P30001 rdakit:hasM21 ""MARC 21 Bibliographic 008 /23 [identifier] (books, computer files, music, continuing resources, mixed materials)"" .",,
130,reviewed (condition transferred),8.0,FIXED-LENGTH DATA ELEMENTS--GENERAL INFORMATION (NR),,,,,,,MUSIC,23,Form of item,,,i,Multimedia [OBSOLETE],,,,,,,http://rdaregistry.info/Elements/e/P20001,has content type,IRI,,https://doi.org/10.6069/uwlswd.dh5m-5y16#ix,,"From RDA to MARC mapping: rdam:P30001 rdakit:hasM21 ""MARC 21 Bibliographic 008 /23 [identifier] (books, computer files, music, continuing resources, mixed materials)"" .",,
131,reviewed (condition transferred),8.0,FIXED-LENGTH DATA ELEMENTS--GENERAL INFORMATION (NR),,,,,,,MUSIC,23,Form of item,,,o,Online,,,,,,,http://rdaregistry.info/Elements/m/P30001,has carrier type,IRI,,http://rdaregistry.info/termList/RDACarrierType/1018,,"From RDA to MARC mapping: rdam:P30001 rdakit:hasM21 ""MARC 21 Bibliographic 008 /23 [identifier] (books, computer files, music, continuing resources, mixed materials)"" .",,
132,reviewed (condition transferred),8.0,FIXED-LENGTH DATA ELEMENTS--GENERAL INFORMATION (NR),,,,,,,MUSIC,23,Form of item,,,q,Direct electronic,,,,,,,http://rdaregistry.info/Elements/m/P30001,has carrier type,IRI,Only narrower terms available in RDA and LOC vocabularies for carriers,https://doi.org/10.6069/uwlswd.dh5m-5y16#q,,"From RDA to MARC mapping: rdam:P30001 rdakit:hasM21 ""MARC 21 Bibliographic 008 /23 [identifier] (books, computer files, music, continuing resources, mixed materials)"" .",,
133,reviewed (condition transferred),8.0,FIXED-LENGTH DATA ELEMENTS--GENERAL INFORMATION (NR),,,,,,,MUSIC,23,Form of item,,,r,Regular print reproduction,,,,,,,http://rdaregistry.info/Elements/m/P30335,has category of manifestation,IRI,,https://doi.org/10.6069/uwlswd.dh5m-5y16#r,,"From RDA to MARC mapping: rdam:P30001 rdakit:hasM21 ""MARC 21 Bibliographic 008 /23 [identifier] (books, computer files, music, continuing resources, mixed materials)"" .",,
134,question (deleted from current spreadsheet),8.0,FIXED-LENGTH DATA ELEMENTS--GENERAL INFORMATION (NR),,,,,,,MUSIC,23,Form of item,,,r,Regular print reproduction,,,,,,,http://rdaregistry.info/Elements/m/P30137,has note on manifestation,unstructured,,"value = ""Regular print reproduction.""",,"From RDA to MARC mapping: rdam:P30001 rdakit:hasM21 ""MARC 21 Bibliographic 008 /23 [identifier] (books, computer files, music, continuing resources, mixed materials)"" .",,
135,reviewed (condition transferred),8.0,FIXED-LENGTH DATA ELEMENTS--GENERAL INFORMATION (NR),,,,,,,MUSIC,23,Form of item,,,s,Electronic,,,,,,,http://rdaregistry.info/Elements/m/P30002,has media type,IRI,,http://rdaregistry.info/termList/RDAMediaType/1003,,"From RDA to MARC mapping: rdam:P30001 rdakit:hasM21 ""MARC 21 Bibliographic 008 /23 [identifier] (books, computer files, music, continuing resources, mixed materials)"" .",,
136,reviewed (condition transferred),8.0,FIXED-LENGTH DATA ELEMENTS--GENERAL INFORMATION (NR),,,,,,,MUSIC,23,Form of item,,,x,Other form of reproduction [OBSOLETE],,,,,,,http://rdaregistry.info/Elements/m/P30335,has category of manifestation,IRI,,https://doi.org/10.6069/uwlswd.dh5m-5y16#zx,,,,
137,reviewed (condition transferred),8.0,FIXED-LENGTH DATA ELEMENTS--GENERAL INFORMATION (NR),,,,,,,MUSIC,23,Form of item,,,z,Other form of reproduction [OBSOLETE],,,,,,,http://rdaregistry.info/Elements/m/P30335,has category of manifestation,IRI,,https://doi.org/10.6069/uwlswd.dh5m-5y16#zx,,,,
138,,,,,,,,,,,,,,,,,,,,,,,,,,,,,,,
139,reviewed (condition transferred),8.0,FIXED-LENGTH DATA ELEMENTS--GENERAL INFORMATION (NR),,,,,,,MUSIC,24-29,Accompanying matter,,,a,Discography,,,,,,,http://rdaregistry.info/Elements/m/P30455,has supplementary content,IRI,,https://doi.org/10.6069/uwlswd.nt0v-d633#a,,"See also 006/07-12, 353$a, 500$a, 504$a",,
140,reviewed (condition transferred),8.0,FIXED-LENGTH DATA ELEMENTS--GENERAL INFORMATION (NR),,,,,,,MUSIC,24-29,Accompanying matter,,,b,Bibliography,,,,,,,http://rdaregistry.info/Elements/m/P30455,has supplementary content,IRI,,https://doi.org/10.6069/uwlswd.nt0v-d633#b,,"See also 006/07-12, 353$a, 500$a, 504$a",,
141,reviewed (condition transferred),8.0,FIXED-LENGTH DATA ELEMENTS--GENERAL INFORMATION (NR),,,,,,,MUSIC,24-29,Accompanying matter,,,c,Thematic index,,,,,,,http://rdaregistry.info/Elements/m/P30455,has supplementary content,IRI,,https://doi.org/10.6069/uwlswd.nt0v-d633#c,,"See also 006/07-12, 300$e, 353$a, 500$a, 504$a",,
142,reviewed (condition transferred),8.0,FIXED-LENGTH DATA ELEMENTS--GENERAL INFORMATION (NR),,,,,,,MUSIC,24-29,Accompanying matter,,,d,Libretto or text,,,,,,,http://rdaregistry.info/Elements/m/P30455,has supplementary content,IRI,,https://doi.org/10.6069/uwlswd.nt0v-d633#d,,"See also 006/07-12, 500$a",,
143,reviewed (condition transferred),8.0,FIXED-LENGTH DATA ELEMENTS--GENERAL INFORMATION (NR),,,,,,,MUSIC,24-29,Accompanying matter,,,e,Biography of composer or author,,,,,,,http://rdaregistry.info/Elements/m/P30455,has supplementary content,IRI,,https://doi.org/10.6069/uwlswd.nt0v-d633#e,,"See also 006/07-12, 300$e, 353$a, 500$a, 504$a",,
144,reviewed (condition transferred),8.0,FIXED-LENGTH DATA ELEMENTS--GENERAL INFORMATION (NR),,,,,,,MUSIC,24-29,Accompanying matter,,,f,Biography of performer or history of ensemble,,,,,,,http://rdaregistry.info/Elements/m/P30455,has supplementary content,IRI,,https://doi.org/10.6069/uwlswd.nt0v-d633#f,,"See also 006/07-12, 500$a",,
145,reviewed (condition transferred),8.0,FIXED-LENGTH DATA ELEMENTS--GENERAL INFORMATION (NR),,,,,,,MUSIC,24-29,Accompanying matter,,,g,Technical and/or historical information on instruments,,,,,,,http://rdaregistry.info/Elements/m/P30455,has supplementary content,IRI,,https://doi.org/10.6069/uwlswd.nt0v-d633#g,,"See also 006/07-12, 500$a",,
146,reviewed (condition transferred),8.0,FIXED-LENGTH DATA ELEMENTS--GENERAL INFORMATION (NR),,,,,,,MUSIC,24-29,Accompanying matter,,,h,Technical information on music,,,,,,,http://rdaregistry.info/Elements/m/P30455,has supplementary content,IRI,,https://doi.org/10.6069/uwlswd.nt0v-d633#h,,"See also 006/07-12, 500$a",,
147,reviewed (condition transferred),8.0,FIXED-LENGTH DATA ELEMENTS--GENERAL INFORMATION (NR),,,,,,,MUSIC,24-29,Accompanying matter,,,i,Historical information,,,,,,,http://rdaregistry.info/Elements/m/P30455,has supplementary content,IRI,,https://doi.org/10.6069/uwlswd.nt0v-d633#i,,"See also 006/07-12, 500$a",,
148,reviewed (condition transferred),8.0,FIXED-LENGTH DATA ELEMENTS--GENERAL INFORMATION (NR),,,,,,,MUSIC,24-29,Accompanying matter,,,j,Historical information other than music [OBSOLETE],,,,,,,http://rdaregistry.info/Elements/m/P30455,has supplementary content,IRI,,https://doi.org/10.6069/uwlswd.nt0v-d633#jx,,,,
149,reviewed (condition transferred),8.0,FIXED-LENGTH DATA ELEMENTS--GENERAL INFORMATION (NR),,,,,,,MUSIC,24-29,Accompanying matter,,,k,Ethnological information,,,,,,,http://rdaregistry.info/Elements/m/P30455,has supplementary content,IRI,,https://doi.org/10.6069/uwlswd.nt0v-d633#k,,"See also 006/07-12, 300$e, 353$a, 500$a, 504$a",,
150,reviewed (condition transferred),8.0,FIXED-LENGTH DATA ELEMENTS--GENERAL INFORMATION (NR),,,,,,,MUSIC,24-29,Accompanying matter,,,r,Instructional materials,,,,,,,http://rdaregistry.info/Elements/m/P30455,has supplementary content,IRI,,https://doi.org/10.6069/uwlswd.nt0v-d633#r,,"See also 006/07-12, 300$e",,
151,reviewed (condition transferred),8.0,FIXED-LENGTH DATA ELEMENTS--GENERAL INFORMATION (NR),,,,,,,MUSIC,24-29,Accompanying matter,,,s,Music,,,,,,,http://rdaregistry.info/Elements/m/P30455,has supplementary content,IRI,,https://doi.org/10.6069/uwlswd.nt0v-d633#s,,"See also 006/07-12, 300$e, 353$a, 500$a, 504$a",,
152,,,,,,,,,,,,,,,,,,,,,,,,,,,,,,,
153,reviewed (condition transferred),8.0,FIXED-LENGTH DATA ELEMENTS--GENERAL INFORMATION (NR),,,,,,,VISUAL MATERIALS,18-20,Running time for motion pictures and videorecordings,,,000,Running time exceeds three characters,533,"At least one 533 is present in the record 
whose $a does NOT contain phrase ""also available as""",,,,,http://rdaregistry.info/Elements/m/P30137,has note on manifestation,unstructured,,"Apply this property to OriginalM URI defined above

""Duration: exceeds 16 hours, 39 minutes.""",,,,
154,(Incorrect Registry Label; Corrected on Current Spreadsheet),8.0,FIXED-LENGTH DATA ELEMENTS--GENERAL INFORMATION (NR),,,,,,,VISUAL MATERIALS,18-20,Running time for motion pictures and videorecordings,,,001-999,Running time,533,"At least one 533 is present in the record 
whose $a does NOT contain phrase ""also available as""",,,,,http://rdaregistry.info/Elements/e/P20219,has duration,unstructured,,"Apply this property to OriginalM URI defined above


""Duration: [number] minutes.""",,"See also 006/01-03, 300$a, 500$a",,
155,reviewed (condition transferred),8.0,FIXED-LENGTH DATA ELEMENTS--GENERAL INFORMATION (NR),,,,,,,VISUAL MATERIALS,23-27,Accompanying matter [OBSOLETE],,,l,Stills,,,,,,,http://rdaregistry.info/Elements/m/P30455,has supplementary content,URI,,,,,,
156,reviewed (condition transferred),8.0,FIXED-LENGTH DATA ELEMENTS--GENERAL INFORMATION (NR),,,,,,,VISUAL MATERIALS,23-27,Accompanying matter [OBSOLETE],,,m,Script material,,,,,,,http://rdaregistry.info/Elements/m/P30455,has supplementary content,URI,,,,,,
157,reviewed (condition transferred),8.0,FIXED-LENGTH DATA ELEMENTS--GENERAL INFORMATION (NR),,,,,,,VISUAL MATERIALS,23-27,Accompanying matter [OBSOLETE],,,o,Posters,,,,,,,http://rdaregistry.info/Elements/m/P30455,has supplementary content,URI,,,,,,
158,reviewed (condition transferred),8.0,FIXED-LENGTH DATA ELEMENTS--GENERAL INFORMATION (NR),,,,,,,VISUAL MATERIALS,23-27,Accompanying matter [OBSOLETE],,,p,Pressbooks,,,,,,,http://rdaregistry.info/Elements/m/P30455,has supplementary content,URI,,,,,,
159,reviewed (condition transferred),8.0,FIXED-LENGTH DATA ELEMENTS--GENERAL INFORMATION (NR),,,,,,,VISUAL MATERIALS,23-27,Accompanying matter [OBSOLETE],,,q,Lobby cards,,,,,,,http://rdaregistry.info/Elements/m/P30455,has supplementary content,URI,,,,,,
160,reviewed (condition transferred),8.0,FIXED-LENGTH DATA ELEMENTS--GENERAL INFORMATION (NR),,,,,,,VISUAL MATERIALS,23-27,Accompanying matter [OBSOLETE],,,r,Instructional materials,,,,,,,http://rdaregistry.info/Elements/m/P30455,has supplementary content,URI,,,,,,
161,reviewed (condition transferred),8.0,FIXED-LENGTH DATA ELEMENTS--GENERAL INFORMATION (NR),,,,,,,VISUAL MATERIALS,23-27,Accompanying matter [OBSOLETE],,,s,Music,,,,,,,http://rdaregistry.info/Elements/m/P30455,has supplementary content,URI,,,,,,
162,,,,,,,,,,,,,,,,,,,,,,,,,,,,,,,
163,reviewed (condition transferred),8.0,FIXED-LENGTH DATA ELEMENTS--GENERAL INFORMATION (NR),,,,,,,VISUAL MATERIALS,29,Form of item,,,a,Microfilm,,,,,,,http://rdaregistry.info/Elements/m/P30001,has carrier type,IRI,Only narrower terms available in RDA and LOC vocabularies for carriers,https://doi.org/10.6069/uwlswd.dh5m-5y16#a,,"From RDA to MARC mapping: rdam:P30001 rdakit:hasM21 ""MARC 21 Bibliographic 008 /29 [identifier] (maps, visual materials)"" .",,
164,reviewed (condition transferred),8.0,FIXED-LENGTH DATA ELEMENTS--GENERAL INFORMATION (NR),,,,,,,VISUAL MATERIALS,29,Form of item,,,b,Microfiche,,,,,,,http://rdaregistry.info/Elements/m/P30001,has carrier type,IRI,,http://rdaregistry.info/termList/RDACarrierType/1022,,"From RDA to MARC mapping: rdam:P30001 rdakit:hasM21 ""MARC 21 Bibliographic 008 /29 [identifier] (maps, visual materials)"" .",,
165,reviewed (condition transferred),8.0,FIXED-LENGTH DATA ELEMENTS--GENERAL INFORMATION (NR),,,,,,,VISUAL MATERIALS,29,Form of item,,,c,Microopaque,,,,,,,http://rdaregistry.info/Elements/m/P30001,has carrier type,IRI,,http://rdaregistry.info/termList/RDACarrierType/1028,,"From RDA to MARC mapping: rdam:P30001 rdakit:hasM21 ""MARC 21 Bibliographic 008 /29 [identifier] (maps, visual materials)"" .",,
166,reviewed (condition transferred),8.0,FIXED-LENGTH DATA ELEMENTS--GENERAL INFORMATION (NR),,,,,,,VISUAL MATERIALS,29,Form of item,,,d,Large print,,,,,,,http://rdaregistry.info/Elements/m/P30199,font size,IRI,,http://rdaregistry.info/termList/fontSize/1002,,"From RDA to MARC mapping: rdam:P30001 rdakit:hasM21 ""MARC 21 Bibliographic 008 /29 [identifier] (maps, visual materials)"" .",,
167,reviewed (condition transferred),8.0,FIXED-LENGTH DATA ELEMENTS--GENERAL INFORMATION (NR),,,,,,,VISUAL MATERIALS,29,Form of item,,,f,Braille,,,,,,,http://rdaregistry.info/Elements/e/P20061,form of tactile notation,IRI,,http://rdaregistry.info/termList/TacNotation/1001,,"From RDA to MARC mapping: rdam:P30001 rdakit:hasM21 ""MARC 21 Bibliographic 008 /29 [identifier] (maps, visual materials)"" .",,
168,reviewed (condition transferred),8.0,FIXED-LENGTH DATA ELEMENTS--GENERAL INFORMATION (NR),,,,,,,VISUAL MATERIALS,29,Form of item,,,o,Online,,,,,,,http://rdaregistry.info/Elements/m/P30001,has carrier type,IRI,,http://rdaregistry.info/termList/RDACarrierType/1018,,"From RDA to MARC mapping: rdam:P30001 rdakit:hasM21 ""MARC 21 Bibliographic 008 /29 [identifier] (maps, visual materials)"" .",,
169,reviewed (condition transferred),8.0,FIXED-LENGTH DATA ELEMENTS--GENERAL INFORMATION (NR),,,,,,,VISUAL MATERIALS,29,Form of item,,,q,Direct electronic,,,,,,,http://rdaregistry.info/Elements/m/P30001,has carrier type,IRI,,https://doi.org/10.6069/uwlswd.dh5m-5y16#q,,"From RDA to MARC mapping: rdam:P30001 rdakit:hasM21 ""MARC 21 Bibliographic 008 /29 [identifier] (maps, visual materials)"" .",,
170,reviewed (condition transferred),8.0,FIXED-LENGTH DATA ELEMENTS--GENERAL INFORMATION (NR),,,,,,,VISUAL MATERIALS,29,Form of item,,,r,Regular print reproduction,,,,,,,http://rdaregistry.info/Elements/m/P30335,has category of manifestation,IRI,,http://marc21rdf.info/terms/commonfor%23r,,"From RDA to MARC mapping: rdam:P30001 rdakit:hasM21 ""MARC 21 Bibliographic 008 /29 [identifier] (maps, visual materials)"" .",,
171,reviewed (condition transferred),8.0,FIXED-LENGTH DATA ELEMENTS--GENERAL INFORMATION (NR),,,,,,,VISUAL MATERIALS,29,Form of item,,,s,Electronic,,,,,,,http://rdaregistry.info/Elements/m/P30002,has media type,IRI,,http://rdaregistry.info/termList/RDAMediaType/1003,,"From RDA to MARC mapping: rdam:P30001 rdakit:hasM21 ""MARC 21 Bibliographic 008 /29 [identifier] (maps, visual materials)"" .",,
172,,,,,,,,,,,,,,,,,,,,,,,,,,,,,,,
173,reviewed (condition transferred),8.0,FIXED-LENGTH DATA ELEMENTS--GENERAL INFORMATION (NR),,,,,,,VISUAL MATERIALS,33,Type of visual material,,,a,Art original,533,"At least one 533 is present in the record 
whose $a does NOT contain phrase ""also available as""",,,,,http://rdaregistry.info/Elements/m/P30335,has category of manifestation,IRI,,"Apply this property to OriginalM URI defined above

https://doi.org/10.6069/uwlswd.qgc0-9r48#a",,See also (006/16),,
174,reviewed (condition transferred),8.0,FIXED-LENGTH DATA ELEMENTS--GENERAL INFORMATION (NR),,,,,,,VISUAL MATERIALS,33,Type of visual material,,,b,Kit,533,"At least one 533 is present in the record 
whose $a does NOT contain phrase ""also available as""",,,,,http://rdaregistry.info/Elements/m/P30335,has category of manifestation,IRI,,"Apply this property to OriginalM URI defined above

https://doi.org/10.6069/uwlswd.qgc0-9r48#b",,See also (006/16),,
175,reviewed (condition transferred),8.0,FIXED-LENGTH DATA ELEMENTS--GENERAL INFORMATION (NR),,,,,,,VISUAL MATERIALS,33,Type of visual material,,,c,Art reproduction,533,"At least one 533 is present in the record 
whose $a does NOT contain phrase ""also available as""",,,,,"Realia,",has category of manifestation,IRI,,"Apply this property to OriginalM URI defined above

https://doi.org/10.6069/uwlswd.qgc0-9r48#c",,See also (006/16),,
176,reviewed (condition transferred),8.0,FIXED-LENGTH DATA ELEMENTS--GENERAL INFORMATION (NR),,,,,,,VISUAL MATERIALS,33,Type of visual material,,,d,Diorama,533,"At least one 533 is present in the record 
whose $a does NOT contain phrase ""also available as""",,,,,http://rdaregistry.info/Elements/m/P30001,has carrier type,IRI,,"Apply this property to OriginalM URI defined above

http://rdaregistry.info/termList/RDACarrierType/1059",,"From RDA to MARC mapping: rdam:P30001 rdakit:hasM21 ""MARC 21 Bibliographic 008 /33 [identifier] (visual materials)"" .",,
177,reviewed (condition transferred),8.0,FIXED-LENGTH DATA ELEMENTS--GENERAL INFORMATION (NR),,,,,,,VISUAL MATERIALS,33,Type of visual material,,,f,Filmstrip,533,"At least one 533 is present in the record 
whose $a does NOT contain phrase ""also available as""",,,,,http://rdaregistry.info/Elements/m/P30001,has carrier type,IRI,,"Apply this property to OriginalM URI defined above

http://rdaregistry.info/termList/RDACarrierType/1036",,"From RDA to MARC mapping: rdam:P30001 rdakit:hasM21 ""MARC 21 Bibliographic 008 /33 [identifier] (visual materials)"" .",,
178,reviewed (condition transferred),8.0,FIXED-LENGTH DATA ELEMENTS--GENERAL INFORMATION (NR),,,,,,,VISUAL MATERIALS,33,Type of visual material,,,f,Filmstrip,533,"At least one 533 is present in the record 
whose $a does NOT contain phrase ""also available as""",,,,,http://rdaregistry.info/Elements/m/P30335,has category of manifestation,structured,,Apply this property to OriginalM URI defined above,,See also (006/16),,
179,reviewed (condition transferred),8.0,FIXED-LENGTH DATA ELEMENTS--GENERAL INFORMATION (NR),,,,,,,VISUAL MATERIALS,33,Type of visual material,,,m,Motion picture,533,"At least one 533 is present in the record 
whose $a does NOT contain phrase ""also available as""",,,,,http://rdaregistry.info/Elements/m/P30002,has media type,IRI,,"Apply this property to OriginalM URI defined above

http://rdaregistry.info/termList/RDAMediaType/1005",,See also (006/16),,
180,reviewed (condition transferred),8.0,FIXED-LENGTH DATA ELEMENTS--GENERAL INFORMATION (NR),,,,,,,VISUAL MATERIALS,33,Type of visual material,,,n,Chart,533,"At least one 533 is present in the record 
whose $a does NOT contain phrase ""also available as""",,,,,http://rdaregistry.info/Elements/m/P30001,has carrier type,IRI,,"Apply this property to OriginalM URI defined above

http://rdaregistry.info/termList/RDACarrierType/1048",,"From RDA to MARC mapping: rdam:P30001 rdakit:hasM21 ""MARC 21 Bibliographic 008 /33 [identifier] (visual materials)"" .",,
181,reviewed (condition transferred),8.0,FIXED-LENGTH DATA ELEMENTS--GENERAL INFORMATION (NR),,,,,,,VISUAL MATERIALS,33,Type of visual material,,,p,Microscope slide,533,"At least one 533 is present in the record 
whose $a does NOT contain phrase ""also available as""",,,,,http://rdaregistry.info/Elements/m/P30001,has carrier type,IRI,,"Apply this property to OriginalM URI defined above

http://rdaregistry.info/termList/RDACarrierType/1030",,"From RDA to MARC mapping: rdam:P30001 rdakit:hasM21 ""MARC 21 Bibliographic 008 /33 [identifier] (visual materials)"" .",,
182,reviewed (condition transferred),8.0,FIXED-LENGTH DATA ELEMENTS--GENERAL INFORMATION (NR),,,,,,,VISUAL MATERIALS,33,Type of visual material,,,p,Microscope slide,533,"At least one 533 is present in the record 
whose $a does NOT contain phrase ""also available as""",,,,,http://rdaregistry.info/Elements/m/P30335,has category of manifestation,IRI,,"Apply this property to OriginalM URI defined above

https://doi.org/10.6069/uwlswd.qgc0-9r48#p",,See also (006/16),,
183,reviewed (condition transferred),8.0,FIXED-LENGTH DATA ELEMENTS--GENERAL INFORMATION (NR),,,,,,,VISUAL MATERIALS,33,Type of visual material,,,q,Model,533,"At least one 533 is present in the record 
whose $a does NOT contain phrase ""also available as""",,,,,http://rdaregistry.info/Elements/m/P30001,has carrier type,IRI,,"Apply this property to OriginalM URI defined above

http://rdaregistry.info/termList/RDACarrierType/1059
",,"From RDA to MARC mapping: rdam:P30001 rdakit:hasM21 ""MARC 21 Bibliographic 008 /33 [identifier] (visual materials)"" .",,
184,reviewed (condition transferred),8.0,FIXED-LENGTH DATA ELEMENTS--GENERAL INFORMATION (NR),,,,,,,VISUAL MATERIALS,33,Type of visual material,,,q,Model,533,"At least one 533 is present in the record 
whose $a does NOT contain phrase ""also available as""",,,,,http://rdaregistry.info/Elements/m/P30335,has category of manifestation,IRI,,"Apply this property to OriginalM URI defined above

https://doi.org/10.6069/uwlswd.qgc0-9r48#q",,See also (006/16),,
185,reviewed (condition transferred),8.0,FIXED-LENGTH DATA ELEMENTS--GENERAL INFORMATION (NR),,,,,,,VISUAL MATERIALS,33,Type of visual material,,,r,Realia,533,"At least one 533 is present in the record 
whose $a does NOT contain phrase ""also available as""",,,,,http://rdaregistry.info/Elements/m/P30001,has carrier type,IRI,,"Apply this property to OriginalM URI defined above

http://rdaregistry.info/termList/RDACarrierType/1059",,"From RDA to MARC mapping: rdam:P30001 rdakit:hasM21 ""MARC 21 Bibliographic 008 /33 [identifier] (visual materials)"" .",,
186,reviewed (condition transferred),8.0,FIXED-LENGTH DATA ELEMENTS--GENERAL INFORMATION (NR),,,,,,,VISUAL MATERIALS,33,Type of visual material,,,r,Realia,533,"At least one 533 is present in the record 
whose $a does NOT contain phrase ""also available as""",,,,,http://rdaregistry.info/Elements/m/P30335,has category of manifestation,IRI,,"Apply this property to OriginalM URI defined above

https://doi.org/10.6069/uwlswd.qgc0-9r48#r",,See also (006/16),,
187,reviewed (condition transferred),8.0,FIXED-LENGTH DATA ELEMENTS--GENERAL INFORMATION (NR),,,,,,,VISUAL MATERIALS,33,Type of visual material,,,s,Slide,533,"At least one 533 is present in the record 
whose $a does NOT contain phrase ""also available as""",,,,,http://rdaregistry.info/Elements/m/P30001,has carrier type,IRI,,"Apply this property to OriginalM URI defined above

http://rdaregistry.info/termList/RDACarrierType/1040",,"From RDA to MARC mapping: rdam:P30001 rdakit:hasM21 ""MARC 21 Bibliographic 008 /33 [identifier] (visual materials)"" .",,
188,reviewed (condition transferred),8.0,FIXED-LENGTH DATA ELEMENTS--GENERAL INFORMATION (NR),,,,,,,VISUAL MATERIALS,33,Type of visual material,,,s,Slide,533,"At least one 533 is present in the record 
whose $a does NOT contain phrase ""also available as""",,,,,http://rdaregistry.info/Elements/m/P30335,has category of manifestation,IRI,,"Apply this property to OriginalM URI defined above

https://doi.org/10.6069/uwlswd.qgc0-9r48#s",,See also (006/16),,
189,reviewed (condition transferred),8.0,FIXED-LENGTH DATA ELEMENTS--GENERAL INFORMATION (NR),,,,,,,VISUAL MATERIALS,33,Type of visual material,,,t,Transparency,533,"At least one 533 is present in the record 
whose $a does NOT contain phrase ""also available as""",,,,,http://rdaregistry.info/Elements/m/P30001,has carrier type,IRI,,"Apply this property to OriginalM URI defined above

https://doi.org/10.6069/uwlswd.qgc0-9r48#t",,"From RDA to MARC mapping: rdam:P30001 rdakit:hasM21 ""MARC 21 Bibliographic 008 /33 [identifier] (visual materials)"" .",,
190,reviewed (condition transferred),8.0,FIXED-LENGTH DATA ELEMENTS--GENERAL INFORMATION (NR),,,,,,,VISUAL MATERIALS,33,Type of visual material,,,t,Transparency,533,"At least one 533 is present in the record 
whose $a does NOT contain phrase ""also available as""",,,,,http://rdaregistry.info/Elements/m/P30335,has category of manifestation,IRI,,"Apply this property to OriginalM URI defined above

https://doi.org/10.6069/uwlswd.qgc0-9r48#t",,See also (006/16),,
191,reviewed (condition transferred),8.0,FIXED-LENGTH DATA ELEMENTS--GENERAL INFORMATION (NR),,,,,,,VISUAL MATERIALS,33,Type of visual material,,,v,Videorecording,533,"At least one 533 is present in the record 
whose $a does NOT contain phrase ""also available as""",,,,,http://rdaregistry.info/Elements/m/P30001,has carrier type,IRI,,"Apply this property to OriginalM URI defined above

https://doi.org/10.6069/uwlswd.qgc0-9r48#v",,"From RDA to MARC mapping: rdam:P30001 rdakit:hasM21 ""MARC 21 Bibliographic 008 /33 [identifier] (visual materials)"" .",,
192,reviewed (condition transferred),8.0,FIXED-LENGTH DATA ELEMENTS--GENERAL INFORMATION (NR),,,,,,,VISUAL MATERIALS,33,Type of visual material,,,v,Videorecording,533,"At least one 533 is present in the record 
whose $a does NOT contain phrase ""also available as""",,,,,http://rdaregistry.info/Elements/m/P30335,has category of manifestation,structured,,"Apply this property to OriginalM URI defined above

https://doi.org/10.6069/uwlswd.qgc0-9r48#v",,See also (006/16),,
193,reviewed (condition transferred),8.0,FIXED-LENGTH DATA ELEMENTS--GENERAL INFORMATION (NR),,,,,,,VISUAL MATERIALS,33,Type of visual material,,,w,Toy,533,"At least one 533 is present in the record 
whose $a does NOT contain phrase ""also available as""",,,,,http://rdaregistry.info/Elements/m/P30001,has carrier type,IRI,,"Apply this property to OriginalM URI defined above

http://rdaregistry.info/termList/RDACarrierType/1059",,"From RDA to MARC mapping: rdam:P30001 rdakit:hasM21 ""MARC 21 Bibliographic 008 /33 [identifier] (visual materials)"" .",,
194,reviewed (condition transferred),8.0,FIXED-LENGTH DATA ELEMENTS--GENERAL INFORMATION (NR),,,,,,,VISUAL MATERIALS,33,Type of visual material,,,w,Toy,533,"At least one 533 is present in the record 
whose $a does NOT contain phrase ""also available as""",,,,,http://rdaregistry.info/Elements/m/P30335,has category of manifestation,IRI,,"Apply this property to OriginalM URI defined above

https://doi.org/10.6069/uwlswd.qgc0-9r48#w",,See also (006/16),,
